"regime","base","companion","kind","nodes","role","trait","base","companion","eps","move","over_eps","limit"
"constant","const_base","const_n215","nodes",215,"resident","ln J",0.185717814063459,5.30195498328783,0.0252373006179605,5.11623716922437,271.14299407916,0.333333333333333
"constant","const_base","const_n215","nodes",215,"resident","lma",-18.3666245798958,-9.47878151892372,0.0865187830441221,8.88784306097203,137.396792730624,0.333333333333333
"constant","const_base","const_n215","nodes",215,"resident","rho",-7.5286339633323,-5.12834515500182,0.067304081071671,2.40028880833048,47.6993785574636,0.333333333333333
"constant","const_base","const_n215","nodes",215,"resident","hmat",-44.8533136108924,-14.5185822427267,0.0823821739925302,30.3347313681657,492.490122675822,0.333333333333333
"constant","const_base","const_n215","nodes",215,"resident","omega",-0.234432206594326,-0.217337527950049,0.00163621838907992,0.0170946786442771,13.9736638482511,0.333333333333333
"constant","const_base","const_n215","nodes",215,"resident","theta",-4.93121308956317,-3.42488773534948,0.052136021104462,1.50632535421369,38.6430611465569,0.333333333333333
"constant","const_base","const_n215","nodes",215,"resident","a_l1",35.7327505370613,8.34489290296973,0.0155928426200379,27.3878576340916,2349.21835783269,0.333333333333333
"constant","const_base","const_n215","nodes",215,"resident","a_l2",36.9718272702965,10.4742404452298,0.0484017955046249,26.4975868250666,732.209688732128,0.333333333333333
"constant","const_base","const_n215","nodes",215,"resident","a_r1",2.39615460602168,2.08618721836266,0.0282484728355013,0.309967387659027,14.6761333425162,0.333333333333333
"constant","const_base","const_n215","nodes",215,"resident","a_b1",-1.46760883701146,-0.899762844288292,0.0093530811969132,0.567845992723167,81.201954101213,0.333333333333333
"constant","const_base","const_n215","nodes",215,"resident","r_s",-2.14545768303788,-1.07566764224121,0.00814448762245535,1.06979004079668,175.681245896241,0.333333333333333
"constant","const_base","const_n215","nodes",215,"resident","r_b",-0.729455612232879,-0.365726998362011,0.00276912579163486,0.363728613870869,175.681245896238,0.333333333333333
"constant","const_base","const_n215","nodes",215,"resident","r_r",-2.86910846257793,-1.4266192081745,0.0112957691468244,1.44248925440343,170.799815956353,0.333333333333333
"constant","const_base","const_n215","nodes",215,"resident","r_l",-17.3984474879603,-8.65110528322014,0.0684982282477256,8.74734220474021,170.799815956356,0.333333333333333
"constant","const_base","const_n215","nodes",215,"resident","a_y",7.38455686677464,5.9572086243702,0.0846037032400881,1.42734824240444,22.5647845491353,0.333333333333333
"constant","const_base","const_n215","nodes",215,"resident","a_bio",7.38455686677464,5.9572086243702,0.0846037032400873,1.42734824240444,22.5647845491355,0.333333333333333
"constant","const_base","const_n215","nodes",215,"resident","k_l",-0.707350350495418,-0.351718873680716,0.00278486030393652,0.355631476814702,170.799815956353,0.333333333333333
"constant","const_base","const_n215","nodes",215,"resident","k_b",-0.64458085254091,-0.323173358937913,0.00244692813878182,0.321407493602997,175.681245896246,0.333333333333333
"constant","const_base","const_n215","nodes",215,"resident","k_s",-3.79165207377004,-1.90101975845831,0.0143936949340114,1.89063231531173,175.681245896236,0.333333333333333
"constant","const_base","const_n215","nodes",215,"resident","k_r",-0.770944488876393,-0.383340062117799,0.00303523240231202,0.387604426758594,170.799815956356,0.333333333333333
"constant","const_base","const_n215","nodes",215,"resident","a_f3",-0.749999999999999,-0.750000000000001,NA,2.55351295663786e-15,NA,0.333333333333333
"constant","const_base","const_n215","nodes",215,"resident","a_f1",1.00860272969681,1.07611180768441,0.00121037238280252,0.0675090779876051,74.5991348134464,0.333333333333333
"constant","const_base","const_n215","nodes",215,"resident","a_f2",-4.39699067695094,0.108680399279226,0.00378960082273098,4.50567107623016,1590.21790075875,0.333333333333333
"constant","const_base","const_n215","nodes",215,"resident","S_D",1,1,NA,2.22044604925031e-16,NA,0.333333333333333
"constant","const_base","const_n215","nodes",215,"resident","a_d0",0.0450920284420488,0.010420826602993,0.000214789565613506,0.0346712018390558,215.896865153223,0.333333333333333
"constant","const_base","const_n215","nodes",215,"resident","d_I",2.10738027084896,0.383765040517501,0.000473163899993009,1.72361523033146,4872.13529795793,0.333333333333333
"constant","const_base","const_n215","nodes",215,"resident","a_dG1",0.337101762944124,0.0500212845930177,0.0365917805597071,0.287080478351106,10.4932673535496,0.333333333333333
"constant","const_base","const_n215","nodes",215,"resident","a_dG2",-2.73182621401404,-0.409461686866739,0.0189878027926389,2.3223645271473,163.586061552041,0.333333333333333
"constant","const_base","const_n215","nodes",215,"resident","a_st1",0.426510349532185,-0.0115273394941863,0.0205905072541103,0.438037689026371,28.4534579092404,0.333333333333333
"constant","const_base","const_n215","nodes",215,"resident","a_st2",-0.494193558842583,-0.102854547951434,0.00451817346276503,0.391339010891149,115.845951869927,0.333333333333333
"constant","const_base","const_n215","nodes",215,"resident","a_st3",-0.000608567326418075,0.000141001494966106,5.5834829722968e-05,0.000749568821384182,17.9554766044665,0.333333333333333
"constant","const_base","const_n215","nodes",215,"resident","storage_relaxation_offset",0.00344508443346051,-0.000251866805623769,0.0102229074454081,0.00369695123908428,0.483681986429548,0.333333333333333
"constant","const_base","const_n215","nodes",215,"resident","k_I",5.01864207178678,3.28871980769663,0.0293274630210281,1.72992226409015,78.8937704321131,0.333333333333333
"constant","const_base","const_n215","nodes",215,"resident","vcmax_25",1.43057208085358,1.91355927491172,0.0510500456143165,0.482987194058137,12.65406617651,0.333333333333333
"constant","const_base","const_n215","nodes",215,"resident","stem_P50",8.71588081871534,5.70319922693919,0.0670692512618307,3.01268159177615,60.0786818597804,0.333333333333333
"constant","const_base","const_n215","nodes",215,"resident","K_s",2.59742087376918,1.70345741965234,0.0198311391066108,0.893963454116839,60.2924211057263,0.333333333333333
"constant","const_base","const_n215","nodes",215,"resident","stem_c",3.78488665274863,1.88636030752125,0.0166223969748096,1.89852634522738,152.761388795482,0.333333333333333
"constant","const_base","const_n215","nodes",215,"resident","TF24_beta2",5.89364432313802,3.34179063577484,0.0326731025545285,2.55185368736318,104.461441377568,0.333333333333333
"constant","const_base","const_n215","nodes",215,"resident","TF24_cost_scale",-2.89720966729576,-1.90685769565605,0.0196115012110622,0.990351971639708,67.5412900158208,0.333333333333333
"constant","const_base","const_n215","nodes",215,"resident","TF24_floor_lambda_o",-6.52101965994773e-05,-3.59171576837959e-05,4.04248218662552e-07,2.92930389156814e-05,96.9185556903412,0.333333333333333
"constant","const_base","const_n215","nodes",215,"resident","jmax_25",9.54414635020479,6.46333107382763,0.0693568867216854,3.08081527637715,59.410976208797,0.333333333333333
"constant","const_base","const_n215","nodes",215,"resident","a",16.911240646866,6.80071625732114,0.035416347525355,10.1105243895448,381.82163275313,0.333333333333333
"constant","const_base","const_n215","nodes",215,"resident","curv_fact_elec_trans",10.1220473732257,5.33449837936963,0.0390362431143479,4.78754899385604,164.034740957783,0.333333333333333
"constant","const_base","const_n215","nodes",215,"resident","curv_fact_colim",45.4423911984401,40.0415627191792,0.598065496775702,5.40082847926086,12.0782011151213,0.333333333333333
"constant","const_base","const_n215","nodes",215,"resident","R_d_25",-3.17378146489141,-1.50522847978116,0.0118378365536557,1.66855298511024,188.520369704252,0.333333333333333
"constant","const_base","const_n215","nodes",215,"resident","root_c",0.049769309153242,0.0398478912839564,0.00320317290520615,0.0099214178692856,4.14270472023505,0.333333333333333
"constant","const_base","const_n215","nodes",215,"resident","root_P50",0.0416642169844415,0.0373138918498173,0.0107532495844038,0.00435032513462411,0.541093865577537,0.333333333333333
"constant","const_base","const_n215","nodes",215,"resident","rooting_depth_max",-0.150827999835396,-0.0972083530529452,0.00538891110015255,0.0536196467824511,13.3080232025512,0.333333333333333
"constant","const_base","const_n215","nodes",215,"resident","D_c",5.14025372523436,3.36714024600877,0.041621318781194,1.77311347922558,56.9785396726893,0.333333333333333
"constant","const_base","const_n215","nodes",215,"resident","L_tip",-1.00594806270525,-0.658935351086595,0.0077914604431711,0.347012711618651,59.5685643888205,0.333333333333333
"constant","const_base","const_n215","nodes",215,"resident","recruitment_decay",1.3473639272492,0.154479674054956,0.0678554143719225,1.19288425319424,23.5128037237992,0.333333333333333
"constant","const_base","const_n215","nodes",215,"invader","ln J",0.185717814063459,5.30195498328783,0.0252373006179605,5.11623716922437,271.14299407916,0.333333333333333
"constant","const_base","const_n215","nodes",215,"invader","lma",-143271327860500160,-749.409568832984,0.197819614061448,143271327860499408,968680496264219776,0.333333333333333
"constant","const_base","const_n215","nodes",215,"invader","rho",-79508654358128464,-437.800871305882,0.107345694889346,79508654358128032,990650336600634752,0.333333333333333
"constant","const_base","const_n215","nodes",215,"invader","hmat",4827943192321.47,50.0452438471716,0.0817500420917349,4827943192271.43,78988667258403,0.333333333333333
"constant","const_base","const_n215","nodes",215,"invader","omega",3441075237473916,15.6051764639707,0.00423067333366896,3441075237473900,1087865728184680320,0.333333333333333
"constant","const_base","const_n215","nodes",215,"invader","theta",-63650265898459256,-344.694145751832,0.0853095809423807,63650265898458912,997913811463276672,0.333333333333333
"constant","const_base","const_n215","nodes",215,"invader","a_l1",11518739563215458,49.8047430988394,0.0131433109672616,11518739563215408,1172170522308975616,0.333333333333333
"constant","const_base","const_n215","nodes",215,"invader","a_l2",55219965924943248,287.426592273068,0.0671005775963974,55219965924942960,1100678531069751040,0.333333333333333
"constant","const_base","const_n215","nodes",215,"invader","a_r1",35365664340661568,191.442276195146,0.0604501754367512,35365664340661376,782482935013197184,0.333333333333333
"constant","const_base","const_n215","nodes",215,"invader","a_b1",-11914703261405446,-66.4362914755784,0.0174329522695687,11914703261405380,914119365128426368,0.333333333333333
"constant","const_base","const_n215","nodes",215,"invader","r_s",-5075188025435404,-32.8742369156737,0.01395155257935,5075188025435371,486541865822008448,0.333333333333333
"constant","const_base","const_n215","nodes",215,"invader","r_b",-1725563928648038,-11.1772405513291,0.00474352787697887,1725563928648027,486541865822021888,0.333333333333333
"constant","const_base","const_n215","nodes",215,"invader","r_r",-17018180806284008,-91.6828470304717,0.0265748956494436,17018180806283916,856509502061508608,0.333333333333333
"constant","const_base","const_n215","nodes",215,"invader","r_l",-103199279135201024,-555.970337270943,0.161151776757663,103199279135200464,856509502061491072,0.333333333333333
"constant","const_base","const_n215","nodes",215,"invader","a_y",121676050322403520,633.958488686127,0.147725816745313,121676050322402880,1101639054590499200,0.333333333333333
"constant","const_base","const_n215","nodes",215,"invader","a_bio",121676050322403872,633.958488686126,0.147725816745314,121676050322403232,1101639054590494976,0.333333333333333
"constant","const_base","const_n215","nodes",215,"invader","k_l",-4195664372793776,-22.6035002954024,0.00655177801647952,4195664372793754,856509502061490048,0.333333333333333
"constant","const_base","const_n215","nodes",215,"invader","k_b",-1524788416991017,-9.87672878624774,0.00419160150627316,1524788416991007,486541865821996480,0.333333333333333
"constant","const_base","const_n215","nodes",215,"invader","k_s",-8969343629358934,-58.0984046249868,0.0246564794486647,8969343629358876,486541865822015808,0.333333333333333
"constant","const_base","const_n215","nodes",215,"invader","k_r",-4572874422292859,-24.6356617620271,0.00714081381398727,4572874422292834,856509502061484288,0.333333333333333
"constant","const_base","const_n215","nodes",215,"invader","a_f3",-0.749999999999999,-0.750000000000001,NA,2.55351295663786e-15,NA,0.333333333333333
"constant","const_base","const_n215","nodes",215,"invader","a_f1",-115451235316.856,-2.61432035433214,0.00127291503835189,115451235314.242,121308096109760,0.333333333333333
"constant","const_base","const_n215","nodes",215,"invader","a_f2",939403364411.691,0.452913043144342,0.0037105447466109,939403364411.238,338614115205614,0.333333333333333
"constant","const_base","const_n215","nodes",215,"invader","S_D",1,1,NA,2.22044604925031e-16,NA,0.333333333333333
"constant","const_base","const_n215","nodes",215,"invader","a_d0",-0.00413158662215507,-0.0041366968466663,4.06577172294892e-05,5.11022451122906e-06,0.168107701229208,0.333333333333333
"constant","const_base","const_n215","nodes",215,"invader","d_I",-0.172503441820951,-0.163030110785862,0.000496650144011525,0.00947333103508935,25.5118978659078,0.333333333333333
"constant","const_base","const_n215","nodes",215,"invader","a_dG1",-0.0271616140178263,-0.0208766623262923,0.0373210585036517,0.00628495169153398,0.225236417447772,0.333333333333333
"constant","const_base","const_n215","nodes",215,"invader","a_dG2",0.220481078367192,0.172554256115316,0.0500238045054518,0.0479268222518758,1.28142306195576,0.333333333333333
"constant","const_base","const_n215","nodes",215,"invader","a_st1",-2582649349185113,-13.4371021837505,0.0228273713223395,2582649349185100,151321334169534240,0.333333333333333
"constant","const_base","const_n215","nodes",215,"invader","a_st2",-1141247021569405,-5.8584476430438,0.0114492275027067,1141247021569399,133319627574894720,0.333333333333333
"constant","const_base","const_n215","nodes",215,"invader","a_st3",33326527730456.2,0.153625641689983,0.000120867284167558,33326527730456,368783874822046144,0.333333333333333
"constant","const_base","const_n215","nodes",215,"invader","storage_relaxation_offset",-91123700023437.6,-0.431951978042619,0.0163728971531554,91123700023437.1,7443829750297060,0.333333333333333
"constant","const_base","const_n215","nodes",215,"invader","k_I",52649982544861672,284.746017110203,0.0718059931218581,52649982544861384,980681896414121856,0.333333333333333
"constant","const_base","const_n215","nodes",215,"invader","vcmax_25",58750240469498472,308.098362407578,0.0898070914112696,58750240469498160,874962897438595840,0.333333333333333
"constant","const_base","const_n215","nodes",215,"invader","stem_P50",80007986517806384,435.111287961553,0.216822964856134,80007986517805952,493535824183487040,0.333333333333333
"constant","const_base","const_n215","nodes",215,"invader","K_s",15858388459669172,93.1067255540492,0.0453144918293449,15858388459669078,468071887070750464,0.333333333333333
"constant","const_base","const_n215","nodes",215,"invader","stem_c",18716012234236316,102.828164532048,0.0696020987051458,18716012234236212,359651275762058304,0.333333333333333
"constant","const_base","const_n215","nodes",215,"invader","TF24_beta2",43629728516338328,235.186264727764,0.0669478234759473,43629728516338096,871639028747932800,0.333333333333333
"constant","const_base","const_n215","nodes",215,"invader","TF24_cost_scale",-28409603958265840,-153.116261792345,0.0782814656176295,28409603958265688,485396735547473920,0.333333333333333
"constant","const_base","const_n215","nodes",215,"invader","TF24_floor_lambda_o",-545602340288.159,-0.00287604728718874,7.24071295789851e-07,545602340288.156,1007825895577988480,0.333333333333333
"constant","const_base","const_n215","nodes",215,"invader","jmax_25",103060457132862192,544.015233643986,0.135694034401089,103060457132861648,1015832093156782848,0.333333333333333
"constant","const_base","const_n215","nodes",215,"invader","a",52649982544861736,284.746017110203,0.0718059931218568,52649982544861448,980681896414140800,0.333333333333333
"constant","const_base","const_n215","nodes",215,"invader","curv_fact_elec_trans",57690182003127848,309.23114828202,0.0777062281503751,57690182003127536,992971308753814912,0.333333333333333
"constant","const_base","const_n215","nodes",215,"invader","curv_fact_colim",832552307110089472,4401.48220764965,1.16185973887142,832552307110085120,958403620804519424,0.333333333333333
"constant","const_base","const_n215","nodes",215,"invader","R_d_25",-18019881077003688,-96.3180276711497,0.0248968244403105,18019881077003592,968051770134999424,0.333333333333333
"constant","const_base","const_n215","nodes",215,"invader","root_c",943180293154335,4.86751275398173,0.00223308377758971,943180293154330,564911376937668352,0.333333333333333
"constant","const_base","const_n215","nodes",215,"invader","root_P50",1095739572759480,5.55544202347157,0.0115197897655194,1095739572759475,127219420503683888,0.333333333333333
"constant","const_base","const_n215","nodes",215,"invader","rooting_depth_max",-1331156195044033,-7.29942613499152,0.00640993799840723,1331156195044026,277757509061352096,0.333333333333333
"constant","const_base","const_n215","nodes",215,"invader","D_c",26075085048307772,159.192346713271,0.0854537218083385,26075085048307612,408117644052967936,0.333333333333333
"constant","const_base","const_n215","nodes",215,"invader","L_tip",-5942811232860074,-35.1304125269758,0.0174299078823671,5942811232860039,456023752047742592,0.333333333333333
"constant","const_base","const_n215","nodes",215,"invader","recruitment_decay",-0.123457103811605,-0.0617286999819893,0.0313080603292074,0.0617284038296155,2.63705692575556,0.333333333333333
"constant","const_base","const_n54","nodes",54,"resident","ln J",0.185717814063459,-7.13117592135116,0.0252373006179605,7.31689373541462,96.6412618921618,0.333333333333333
"constant","const_base","const_n54","nodes",54,"resident","lma",-18.3666245798958,-14.7004493926332,0.0865187830441221,3.66617518726254,14.1247756008191,0.333333333333333
"constant","const_base","const_n54","nodes",54,"resident","rho",-7.5286339633323,-4.74835711351697,0.067304081071671,2.78027684981534,13.7697288958088,0.333333333333333
"constant","const_base","const_n54","nodes",54,"resident","hmat",-44.8533136108924,-37.7310175668749,0.0823821739925302,7.1222960440175,28.8181115680976,0.333333333333333
"constant","const_base","const_n54","nodes",54,"resident","omega",-0.234432206594326,-0.237392654580401,0.00163621838907992,0.00296044798607495,0.603107752574046,0.333333333333333
"constant","const_base","const_n54","nodes",54,"resident","theta",-4.93121308956317,-3.05480645640754,0.052136021104462,1.87640663315563,11.9968663597348,0.333333333333333
"constant","const_base","const_n54","nodes",54,"resident","a_l1",35.7327505370613,31.9421812598284,0.0155928426200379,3.79056927723291,81.032248141032,0.333333333333333
"constant","const_base","const_n54","nodes",54,"resident","a_l2",36.9718272702965,26.9418018324774,0.0484017955046249,10.0300254378191,69.0747476978801,0.333333333333333
"constant","const_base","const_n54","nodes",54,"resident","a_r1",2.39615460602168,1.47672227306837,0.0282484728355013,0.919432332953319,10.8493455948035,0.333333333333333
"constant","const_base","const_n54","nodes",54,"resident","a_b1",-1.46760883701146,-0.950766134568901,0.0093530811969132,0.516842702442558,18.4196947708573,0.333333333333333
"constant","const_base","const_n54","nodes",54,"resident","r_s",-2.14545768303788,-1.44233420206553,0.00814448762245535,0.703123480972349,28.7770703968228,0.333333333333333
"constant","const_base","const_n54","nodes",54,"resident","r_b",-0.729455612232879,-0.490393628702282,0.00276912579163486,0.239061983530597,28.7770703968222,0.333333333333333
"constant","const_base","const_n54","nodes",54,"resident","r_r",-2.86910846257793,-2.30308891205927,0.0112957691468244,0.566019550518663,16.7029957016484,0.333333333333333
"constant","const_base","const_n54","nodes",54,"resident","r_l",-17.3984474879603,-13.9660706519834,0.0684982282477256,3.43237683597696,16.7029957016488,0.333333333333333
"constant","const_base","const_n54","nodes",54,"resident","a_y",7.38455686677464,5.14824827147015,0.0846037032400881,2.23630859530449,8.81091689709413,0.333333333333333
"constant","const_base","const_n54","nodes",54,"resident","a_bio",7.38455686677464,5.14824827147017,0.0846037032400873,2.23630859530447,8.81091689709415,0.333333333333333
"constant","const_base","const_n54","nodes",54,"resident","k_l",-0.707350350495418,-0.567803821436387,0.00278486030393652,0.139546529059031,16.7029957016487,0.333333333333333
"constant","const_base","const_n54","nodes",54,"resident","k_b",-0.64458085254091,-0.433334582623831,0.00244692813878182,0.211246269917079,28.7770703968236,0.333333333333333
"constant","const_base","const_n54","nodes",54,"resident","k_s",-3.79165207377004,-2.54902695661076,0.0143936949340114,1.24262511715929,28.7770703968222,0.333333333333333
"constant","const_base","const_n54","nodes",54,"resident","k_r",-0.770944488876393,-0.618852067568422,0.00303523240231202,0.152092421307971,16.7029957016491,0.333333333333333
"constant","const_base","const_n54","nodes",54,"resident","a_f3",-0.749999999999999,-0.749999999999998,NA,6.66133814775094e-16,NA,0.333333333333333
"constant","const_base","const_n54","nodes",54,"resident","a_f1",1.00860272969681,1.00000426211438,0.00121037238280252,0.00859846758243132,2.36799509104305,0.333333333333333
"constant","const_base","const_n54","nodes",54,"resident","a_f2",-4.39699067695094,-12.2687483714678,0.00378960082273098,7.87175769451689,692.399900212894,0.333333333333333
"constant","const_base","const_n54","nodes",54,"resident","S_D",1,1,NA,2.22044604925031e-16,NA,0.333333333333333
"constant","const_base","const_n54","nodes",54,"resident","a_d0",0.0450920284420488,0.0402895228569457,0.000214789565613506,0.00480250558510317,7.45303986467827,0.333333333333333
"constant","const_base","const_n54","nodes",54,"resident","d_I",2.10738027084896,1.75765195850372,0.000473163899993009,0.349728312345245,246.375736011991,0.333333333333333
"constant","const_base","const_n54","nodes",54,"resident","a_dG1",0.337101762944124,0.273282879780438,0.0365917805597071,0.0638188831636859,0.581359002736987,0.333333333333333
"constant","const_base","const_n54","nodes",54,"resident","a_dG2",-2.73182621401404,-2.22252698598007,0.0189878027926389,0.509299228033971,8.9408138055063,0.333333333333333
"constant","const_base","const_n54","nodes",54,"resident","a_st1",0.426510349532185,0.352816787038753,0.0205905072541103,0.0736935624934325,1.19300221835189,0.333333333333333
"constant","const_base","const_n54","nodes",54,"resident","a_st2",-0.494193558842583,-0.397615453376716,0.00451817346276503,0.0965781054658661,7.12515844893084,0.333333333333333
"constant","const_base","const_n54","nodes",54,"resident","a_st3",-0.000608567326418075,-0.000556770972591987,5.5834829722968e-05,5.17963538260887e-05,0.309223675634505,0.333333333333333
"constant","const_base","const_n54","nodes",54,"resident","storage_relaxation_offset",0.00344508443346051,0.00293450693895033,0.0102229074454081,0.000510577494510182,0.0166481501548278,0.333333333333333
"constant","const_base","const_n54","nodes",54,"resident","k_I",5.01864207178678,3.47417171770959,0.0293274630210281,1.54447035407718,17.5543125223592,0.333333333333333
"constant","const_base","const_n54","nodes",54,"resident","vcmax_25",1.43057208085358,0.863162193825378,0.0510500456143165,0.567409887028206,3.70492575928983,0.333333333333333
"constant","const_base","const_n54","nodes",54,"resident","stem_P50",8.71588081871534,6.15035501371854,0.0670692512618307,2.5655258049968,12.7506309112317,0.333333333333333
"constant","const_base","const_n54","nodes",54,"resident","K_s",2.59742087376918,1.69355065710942,0.0198311391066108,0.903870216659757,15.1927769050585,0.333333333333333
"constant","const_base","const_n54","nodes",54,"resident","stem_c",3.78488665274863,2.92892489430453,0.0166223969748096,0.855961758444107,17.1648280678427,0.333333333333333
"constant","const_base","const_n54","nodes",54,"resident","TF24_beta2",5.89364432313802,4.43125102811427,0.0326731025545285,1.46239329502376,14.9194411782918,0.333333333333333
"constant","const_base","const_n54","nodes",54,"resident","TF24_cost_scale",-2.89720966729576,-2.05523073816673,0.0196115012110622,0.841978929129033,14.3109719150261,0.333333333333333
"constant","const_base","const_n54","nodes",54,"resident","TF24_floor_lambda_o",-6.52101965994773e-05,-5.17339531507895e-05,4.04248218662552e-07,1.34762434486878e-05,11.1121853905122,0.333333333333333
"constant","const_base","const_n54","nodes",54,"resident","jmax_25",9.54414635020479,6.7939315892404,0.0693568867216854,2.75021476096438,13.2176961364121,0.333333333333333
"constant","const_base","const_n54","nodes",54,"resident","a",16.911240646866,14.2108970374225,0.035416347525355,2.70034360944346,25.4152276949719,0.333333333333333
"constant","const_base","const_n54","nodes",54,"resident","curv_fact_elec_trans",10.1220473732257,7.70755815801191,0.0390362431143479,2.41448921521376,20.6174998973907,0.333333333333333
"constant","const_base","const_n54","nodes",54,"resident","curv_fact_colim",45.4423911984401,30.178133693186,0.598065496775702,15.2642575052541,8.50757293727135,0.333333333333333
"constant","const_base","const_n54","nodes",54,"resident","R_d_25",-3.17378146489141,-2.61209817499961,0.0118378365536557,0.5616832898918,15.8160456472469,0.333333333333333
"constant","const_base","const_n54","nodes",54,"resident","root_c",0.049769309153242,0.0355978971763678,0.00320317290520615,0.0141714119768742,1.47472650777414,0.333333333333333
"constant","const_base","const_n54","nodes",54,"resident","root_P50",0.0416642169844415,0.0295902781843563,0.0107532495844038,0.0120739388000852,0.374272561527101,0.333333333333333
"constant","const_base","const_n54","nodes",54,"resident","rooting_depth_max",-0.150827999835396,-0.109470231188977,0.00538891110015255,0.0413577686464196,2.5582019495088,0.333333333333333
"constant","const_base","const_n54","nodes",54,"resident","D_c",5.14025372523436,3.23898311770775,0.041621318781194,1.90127060752661,15.2267368678834,0.333333333333333
"constant","const_base","const_n54","nodes",54,"resident","L_tip",-1.00594806270525,-0.653445796027028,0.0077914604431711,0.352502266678218,15.0807100179005,0.333333333333333
"constant","const_base","const_n54","nodes",54,"resident","recruitment_decay",1.3473639272492,2.43204069914145,0.0678554143719225,1.08467677189225,5.3283725007166,0.333333333333333
"constant","const_base","const_n54","nodes",54,"invader","ln J",0.185717814063459,-7.13117592135116,0.0252373006179605,7.31689373541462,96.6412618921618,0.333333333333333
"constant","const_base","const_n54","nodes",54,"invader","lma",-143271327860500160,-3.32300497986628e+27,0.197819614061448,3.32300497972301e+27,5.59938574255971e+27,0.333333333333333
"constant","const_base","const_n54","nodes",54,"invader","rho",-79508654358128464,-1.69516288887966e+27,0.107345694889346,1.69516288880015e+27,5.26387478183624e+27,0.333333333333333
"constant","const_base","const_n54","nodes",54,"invader","hmat",4827943192321.47,52616050961704206336,0.0817500420917349,5.2616046133761e+19,2.1454034268149e+20,0.333333333333333
"constant","const_base","const_n54","nodes",54,"invader","omega",3441075237473916,9.41875971658351e+25,0.00423067333366896,9.4187597162394e+25,7.42100919750536e+27,0.333333333333333
"constant","const_base","const_n54","nodes",54,"invader","theta",-63650265898459256,-1.3797646817387e+27,0.0853095809423807,1.37976468167505e+27,5.39120642110512e+27,0.333333333333333
"constant","const_base","const_n54","nodes",54,"invader","a_l1",11518739563215458,3.15285874738408e+26,0.0131433109672616,3.15285874726889e+26,7.99610477431519e+27,0.333333333333333
"constant","const_base","const_n54","nodes",54,"invader","a_l2",55219965924943248,1.19698855245423e+27,0.0671005775963974,1.19698855239901e+27,5.9462406796693e+27,0.333333333333333
"constant","const_base","const_n54","nodes",54,"invader","a_r1",35365664340661568,7.7207465459829e+26,0.0604501754367512,7.72074654562924e+26,4.25736098081162e+27,0.333333333333333
"constant","const_base","const_n54","nodes",54,"invader","a_b1",-11914703261405446,-2.51120121942569e+26,0.0174329522695687,2.51120121930654e+26,4.80163692390406e+27,0.333333333333333
"constant","const_base","const_n54","nodes",54,"invader","r_s",-5075188025435404,-9.14199975495057e+25,0.01395155257935,9.14199975444305e+25,2.18422518508187e+27,0.333333333333333
"constant","const_base","const_n54","nodes",54,"invader","r_b",-1725563928648038,-3.10827991668318e+25,0.00474352787697887,3.10827991651063e+25,2.18422518508192e+27,0.333333333333333
"constant","const_base","const_n54","nodes",54,"invader","r_r",-17018180806284008,-3.80044758611333e+26,0.0265748956494436,3.80044758594315e+26,4.76696457699006e+27,0.333333333333333
"constant","const_base","const_n54","nodes",54,"invader","r_l",-103199279135201024,-2.30461443407152e+27,0.161151776757663,2.30461443396832e+27,4.76696457698996e+27,0.333333333333333
"constant","const_base","const_n54","nodes",54,"invader","a_y",121676050322403520,2.79897005018655e+27,0.147725816745313,2.79897005006487e+27,6.31568697499107e+27,0.333333333333333
"constant","const_base","const_n54","nodes",54,"invader","a_bio",121676050322403872,2.79897005018654e+27,0.147725816745314,2.79897005006487e+27,6.31568697499101e+27,0.333333333333333
"constant","const_base","const_n54","nodes",54,"invader","k_l",-4195664372793776,-9.36962811667739e+25,0.00655177801647952,9.36962811625782e+25,4.76696457698996e+27,0.333333333333333
"constant","const_base","const_n54","nodes",54,"invader","k_b",-1524788416991017,-2.74662047290109e+25,0.00419160150627316,2.74662047274861e+25,2.18422518508182e+27,0.333333333333333
"constant","const_base","const_n54","nodes",54,"invader","k_s",-8969343629358934,-1.61565910170653e+26,0.0246564794486647,1.61565910161683e+26,2.1842251850819e+27,0.333333333333333
"constant","const_base","const_n54","nodes",54,"invader","k_r",-4572874422292859,-1.02120019511046e+26,0.00714081381398727,1.02120019506473e+26,4.76696457698994e+27,0.333333333333333
"constant","const_base","const_n54","nodes",54,"invader","a_f3",-0.749999999999999,-0.749999999999998,NA,6.66133814775094e-16,NA,0.333333333333333
"constant","const_base","const_n54","nodes",54,"invader","a_f1",-115451235316.856,-1557379032249483264,0.00127291503835189,1557378916798247936,4.07824787954078e+20,0.333333333333333
"constant","const_base","const_n54","nodes",54,"invader","a_f2",939403364411.691,25252879268098584576,0.0037105447466109,25252878328695218176,2.26856881789486e+21,0.333333333333333
"constant","const_base","const_n54","nodes",54,"invader","S_D",1,1,NA,2.22044604925031e-16,NA,0.333333333333333
"constant","const_base","const_n54","nodes",54,"invader","a_d0",-0.00413158662215507,-0.00412906247613784,4.06577172294892e-05,2.52414601723244e-06,0.020694275603203,0.333333333333333
"constant","const_base","const_n54","nodes",54,"invader","d_I",-0.172503441820951,-0.148743790181763,0.000496650144011525,0.0237596516391881,15.9466054228016,0.333333333333333
"constant","const_base","const_n54","nodes",54,"invader","a_dG1",-0.0271616140178263,-0.0224565661293538,0.0373210585036517,0.00470504788847254,0.042023172949504,0.333333333333333
"constant","const_base","const_n54","nodes",54,"invader","a_dG2",0.220481078367192,0.183144645388311,0.0500238045054518,0.037336432978881,0.248791106207659,0.333333333333333
"constant","const_base","const_n54","nodes",54,"invader","a_st1",-2582649349185113,-5.82855765891305e+25,0.0228273713223395,5.82855765865478e+25,8.51106562139986e+26,0.333333333333333
"constant","const_base","const_n54","nodes",54,"invader","a_st2",-1141247021569405,-2.6009079402759e+25,0.0114492275027067,2.60090794016178e+25,7.57229527653546e+26,0.333333333333333
"constant","const_base","const_n54","nodes",54,"invader","a_st3",33326527730456.2,9.12199051804671e+23,0.000120867284167558,9.12199051771345e+23,2.51570433376266e+27,0.333333333333333
"constant","const_base","const_n54","nodes",54,"invader","storage_relaxation_offset",-91123700023437.6,-2.35414753179017e+24,0.0163728971531554,2.35414753169905e+24,4.79277330431683e+25,0.333333333333333
"constant","const_base","const_n54","nodes",54,"invader","k_I",52649982544861672,1.19098447986785e+27,0.0718059931218581,1.1909844798152e+27,5.52871437807909e+27,0.333333333333333
"constant","const_base","const_n54","nodes",54,"invader","vcmax_25",58750240469498472,1.32353510237083e+27,0.0898070914112696,1.32353510231208e+27,4.91251147882069e+27,0.333333333333333
"constant","const_base","const_n54","nodes",54,"invader","stem_P50",80007986517806384,1.75541732418524e+27,0.216822964856134,1.75541732410523e+27,2.69869526239219e+27,0.333333333333333
"constant","const_base","const_n54","nodes",54,"invader","K_s",15858388459669172,3.15398207140961e+26,0.0453144918293449,3.15398207125102e+26,2.32006873439735e+27,0.333333333333333
"constant","const_base","const_n54","nodes",54,"invader","stem_c",18716012234236316,4.10312450446237e+26,0.0696020987051458,4.10312450427521e+26,1.96503868925811e+27,0.333333333333333
"constant","const_base","const_n54","nodes",54,"invader","TF24_beta2",43629728516338328,9.71503655404891e+26,0.0669478234759473,9.71503655361261e+26,4.83711844498474e+27,0.333333333333333
"constant","const_base","const_n54","nodes",54,"invader","TF24_cost_scale",-28409603958265840,-6.30202985912504e+26,0.0782814656176295,6.30202985884094e+26,2.68349168355448e+27,0.333333333333333
"constant","const_base","const_n54","nodes",54,"invader","TF24_floor_lambda_o",-545602340288.159,-1.2460399823544e+22,7.24071295789851e-07,1.24603998229984e+22,5.73626745296583e+27,0.333333333333333
"constant","const_base","const_n54","nodes",54,"invader","jmax_25",103060457132862192,2.35642281359317e+27,0.135694034401089,2.35642281349011e+27,5.78856892736816e+27,0.333333333333333
"constant","const_base","const_n54","nodes",54,"invader","a",52649982544861736,1.19098447986784e+27,0.0718059931218568,1.19098447981519e+27,5.52871437807919e+27,0.333333333333333
"constant","const_base","const_n54","nodes",54,"invader","curv_fact_elec_trans",57690182003127848,1.30830358363505e+27,0.0777062281503751,1.30830358357736e+27,5.61217813431702e+27,0.333333333333333
"constant","const_base","const_n54","nodes",54,"invader","curv_fact_colim",832552307110089472,1.88296114902571e+28,1.16185973887142,1.88296114894245e+28,5.40214705196538e+27,0.333333333333333
"constant","const_base","const_n54","nodes",54,"invader","R_d_25",-18019881077003688,-4.06521880582595e+26,0.0248968244403105,4.06521880564575e+26,5.4427541089186e+27,0.333333333333333
"constant","const_base","const_n54","nodes",54,"invader","root_c",943180293154335,2.19118992943158e+25,0.00223308377758971,2.19118992933726e+25,3.27079821385285e+27,0.333333333333333
"constant","const_base","const_n54","nodes",54,"invader","root_P50",1095739572759480,2.59877232563554e+25,0.0115197897655194,2.59877232552596e+25,7.51973308084872e+26,0.333333333333333
"constant","const_base","const_n54","nodes",54,"invader","rooting_depth_max",-1331156195044033,-2.85103052422787e+25,0.00640993799840723,2.85103052409475e+25,1.48260951707759e+27,0.333333333333333
"constant","const_base","const_n54","nodes",54,"invader","D_c",26075085048307772,4.94072920421566e+26,0.0854537218083385,4.94072920395491e+26,1.927253371533e+27,0.333333333333333
"constant","const_base","const_n54","nodes",54,"invader","L_tip",-5942811232860074,-1.1705522664383e+26,0.0174299078823671,1.17055226637887e+26,2.2385895061883e+27,0.333333333333333
"constant","const_base","const_n54","nodes",54,"invader","recruitment_decay",-0.123457103811605,-0.249243260233873,0.0313080603292074,0.125786156422268,1.33923080403379,0.333333333333333
"constant","const_base","const_tol","tolerance",108,"resident","ln J",0.185717814063459,0.185717812882216,0.0252373006179605,1.18124290904298e-09,4.68054379873864e-08,0.166666666666667
"constant","const_base","const_tol","tolerance",108,"resident","lma",-18.3666245798958,-18.366623109315,0.0865187830441221,1.47058079491558e-06,1.6997243178578e-05,0.166666666666667
"constant","const_base","const_tol","tolerance",108,"resident","rho",-7.5286339633323,-7.5286340982458,0.067304081071671,1.34913494598266e-07,2.00453661130294e-06,0.166666666666667
"constant","const_base","const_tol","tolerance",108,"resident","hmat",-44.8533136108924,-44.8533136110932,0.0823821739925302,2.00792271698447e-10,2.43732669298886e-09,0.166666666666667
"constant","const_base","const_tol","tolerance",108,"resident","omega",-0.234432206594326,-0.234432414558206,0.00163621838907992,2.07963879117479e-07,0.000127100318946068,0.166666666666667
"constant","const_base","const_tol","tolerance",108,"resident","theta",-4.93121308956317,-4.93121313988912,0.052136021104462,5.0325954070729e-08,9.65281834029754e-07,0.166666666666667
"constant","const_base","const_tol","tolerance",108,"resident","a_l1",35.7327505370613,35.7327491428869,0.0155928426200379,1.39417441147316e-06,8.94111770025529e-05,0.166666666666667
"constant","const_base","const_tol","tolerance",108,"resident","a_l2",36.9718272702965,36.971828191858,0.0484017955046249,9.21561579048102e-07,1.90398221685814e-05,0.166666666666667
"constant","const_base","const_tol","tolerance",108,"resident","a_r1",2.39615460602168,2.39615460972722,0.0282484728355013,3.70553854267541e-09,1.31176597200627e-07,0.166666666666667
"constant","const_base","const_tol","tolerance",108,"resident","a_b1",-1.46760883701146,-1.46760886167297,0.0093530811969132,2.46615126098249e-08,2.63672602542613e-06,0.166666666666667
"constant","const_base","const_tol","tolerance",108,"resident","r_s",-2.14545768303788,-2.14545771644598,0.00814448762245535,3.34080962893779e-08,4.10192732042071e-06,0.166666666666667
"constant","const_base","const_tol","tolerance",108,"resident","r_b",-0.729455612232879,-0.729455623591633,0.00276912579163486,1.13587539374294e-08,4.10192775342404e-06,0.166666666666667
"constant","const_base","const_tol","tolerance",108,"resident","r_r",-2.86910846257793,-2.86910837102918,0.0112957691468244,9.15487534669523e-08,8.1046940918308e-06,0.166666666666667
"constant","const_base","const_tol","tolerance",108,"resident","r_l",-17.3984474879603,-17.3984469328033,0.0684982282477256,5.55157068760082e-07,8.10469238346344e-06,0.166666666666667
"constant","const_base","const_tol","tolerance",108,"resident","a_y",7.38455686677464,7.38455603570935,0.0846037032400881,8.31065294804034e-07,9.82303685272074e-06,0.166666666666667
"constant","const_base","const_tol","tolerance",108,"resident","a_bio",7.38455686677464,7.38455603570935,0.0846037032400873,8.31065287698607e-07,9.823036768736e-06,0.166666666666667
"constant","const_base","const_tol","tolerance",108,"resident","k_l",-0.707350350495418,-0.707350327924977,0.00278486030393652,2.25704408496341e-08,8.1046940910213e-06,0.166666666666667
"constant","const_base","const_tol","tolerance",108,"resident","k_b",-0.64458085254091,-0.644580862578029,0.00244692813878182,1.00371188027637e-08,4.10192626570578e-06,0.166666666666667
"constant","const_base","const_tol","tolerance",108,"resident","k_s",-3.79165207377004,-3.79165213281192,0.0143936949340114,5.90418731682973e-08,4.10192611688505e-06,0.166666666666667
"constant","const_base","const_tol","tolerance",108,"resident","k_r",-0.770944488876393,-0.770944464276761,0.00303523240231202,2.45996324421682e-08,8.10469485744486e-06,0.166666666666667
"constant","const_base","const_tol","tolerance",108,"resident","a_f3",-0.749999999999999,-0.75,NA,8.88178419700125e-16,NA,0.166666666666667
"constant","const_base","const_tol","tolerance",108,"resident","a_f1",1.00860272969681,1.00860272969986,0.00121037238280252,3.05799829902753e-12,2.52649378197723e-09,0.166666666666667
"constant","const_base","const_tol","tolerance",108,"resident","a_f2",-4.39699067695094,-4.39699067614333,0.00378960082273098,8.07611755249127e-10,2.13112618723552e-07,0.166666666666667
"constant","const_base","const_tol","tolerance",108,"resident","S_D",1,1,NA,2.22044604925031e-16,NA,0.166666666666667
"constant","const_base","const_tol","tolerance",108,"resident","a_d0",0.0450920284420488,0.0450920276532774,0.000214789565613506,7.88771437054692e-10,3.67229867429414e-06,0.166666666666667
"constant","const_base","const_tol","tolerance",108,"resident","d_I",2.10738027084896,2.107380262884,0.000473163899993009,7.9649664641579e-09,1.68334195915529e-05,0.166666666666667
"constant","const_base","const_tol","tolerance",108,"resident","a_dG1",0.337101762944124,0.337101762408857,0.0365917805597071,5.35266830858916e-10,1.46280618945426e-08,0.166666666666667
"constant","const_base","const_tol","tolerance",108,"resident","a_dG2",-2.73182621401404,-2.73182620762822,0.0189878027926389,6.3858180965326e-09,3.36311587300044e-07,0.166666666666667
"constant","const_base","const_tol","tolerance",108,"resident","a_st1",0.426510349532185,0.426510350939824,0.0205905072541103,1.40763856126824e-09,6.83634717637784e-08,0.166666666666667
"constant","const_base","const_tol","tolerance",108,"resident","a_st2",-0.494193558842583,-0.494193553993473,0.00451817346276503,4.84910922526893e-09,1.07324547524153e-06,0.166666666666667
"constant","const_base","const_tol","tolerance",108,"resident","a_st3",-0.000608567326418075,-0.000608569304395939,5.5834829722968e-05,1.97797786352996e-09,3.54255197578996e-05,0.166666666666667
"constant","const_base","const_tol","tolerance",108,"resident","storage_relaxation_offset",0.00344508443346051,0.00344508652344623,0.0102229074454081,2.08998571704297e-09,2.04441420232337e-07,0.166666666666667
"constant","const_base","const_tol","tolerance",108,"resident","k_I",5.01864207178678,5.01864174681463,0.0293274630210281,3.24972145193669e-07,1.1080813398713e-05,0.166666666666667
"constant","const_base","const_tol","tolerance",108,"resident","vcmax_25",1.43057208085358,1.43057193110732,0.0510500456143165,1.49746258282235e-07,2.93332271264886e-06,0.166666666666667
"constant","const_base","const_tol","tolerance",108,"resident","stem_P50",8.71588081871534,8.7158806055528,0.0670692512618307,2.13162540063649e-07,3.17824541132101e-06,0.166666666666667
"constant","const_base","const_tol","tolerance",108,"resident","K_s",2.59742087376918,2.59742095835669,0.0198311391066108,8.45875085531134e-08,4.26538829153368e-06,0.166666666666667
"constant","const_base","const_tol","tolerance",108,"resident","stem_c",3.78488665274863,3.78488656421983,0.0166223969748096,8.852880739596e-08,5.32587493429022e-06,0.166666666666667
"constant","const_base","const_tol","tolerance",108,"resident","TF24_beta2",5.89364432313802,5.89364411465847,0.0326731025545285,2.08479555396934e-07,6.38077008600577e-06,0.166666666666667
"constant","const_base","const_tol","tolerance",108,"resident","TF24_cost_scale",-2.89720966729576,-2.89720956248094,0.0196115012110622,1.04814819490429e-07,5.34455870371137e-06,0.166666666666667
"constant","const_base","const_tol","tolerance",108,"resident","TF24_floor_lambda_o",-6.52101965994773e-05,-6.5210192769678e-05,4.04248218662552e-07,3.82979921647458e-12,9.47388025393261e-06,0.166666666666667
"constant","const_base","const_tol","tolerance",108,"resident","jmax_25",9.54414635020479,9.54414560661327,0.0693568867216854,7.43591520802056e-07,1.07212355679391e-05,0.166666666666667
"constant","const_base","const_tol","tolerance",108,"resident","a",16.911240646866,16.9112401083377,0.035416347525355,5.38528308169361e-07,1.52056421906246e-05,0.166666666666667
"constant","const_base","const_tol","tolerance",108,"resident","curv_fact_elec_trans",10.1220473732257,10.1220468807339,0.0390362431143479,4.92491743386836e-07,1.26162689873662e-05,0.166666666666667
"constant","const_base","const_tol","tolerance",108,"resident","curv_fact_colim",45.4423911984401,45.4423874249025,0.598065496775702,3.77353757841092e-06,6.30957244441431e-06,0.166666666666667
"constant","const_base","const_tol","tolerance",108,"resident","R_d_25",-3.17378146489141,-3.17378134795971,0.0118378365536557,1.16931700322453e-07,9.87779310792589e-06,0.166666666666667
"constant","const_base","const_tol","tolerance",108,"resident","root_c",0.049769309153242,0.0497693021567607,0.00320317290520615,6.9964813248502e-09,2.18423467352597e-06,0.166666666666667
"constant","const_base","const_tol","tolerance",108,"resident","root_P50",0.0416642169844415,0.0416642062299543,0.0107532495844038,1.07544871966181e-08,1.00011509192682e-06,0.166666666666667
"constant","const_base","const_tol","tolerance",108,"resident","rooting_depth_max",-0.150827999835396,-0.150826796246774,0.00538891110015255,1.20358862201742e-06,0.000223345421672171,0.166666666666667
"constant","const_base","const_tol","tolerance",108,"resident","D_c",5.14025372523436,5.14025392841344,0.041621318781194,2.03179082447491e-07,4.88161087628234e-06,0.166666666666667
"constant","const_base","const_tol","tolerance",108,"resident","L_tip",-1.00594806270525,-1.0059480988723,0.0077914604431711,3.61670560167227e-08,4.6418840576187e-06,0.166666666666667
"constant","const_base","const_tol","tolerance",108,"resident","recruitment_decay",1.3473639272492,1.34736388793142,0.0678554143719225,3.9317783473436e-08,5.79434726578061e-07,0.166666666666667
"constant","const_base","const_tol","tolerance",108,"invader","ln J",0.185717814063459,0.185717812882216,0.0252373006179605,1.18124290904298e-09,4.68054379873864e-08,0.166666666666667
"constant","const_base","const_tol","tolerance",108,"invader","lma",-143271327860500160,-143270959473406752,0.197819614061448,368387093408,1862237448777.8,0.166666666666667
"constant","const_base","const_tol","tolerance",108,"invader","rho",-79508654358128464,-79508578377260272,0.107345694889346,75980868192,707814768634.388,0.166666666666667
"constant","const_base","const_tol","tolerance",108,"invader","hmat",4827943192321.47,4827943100038.69,0.0817500420917349,92282.7861328125,1128840.83936322,0.166666666666667
"constant","const_base","const_tol","tolerance",108,"invader","omega",3441075237473916,3441037815165441,0.00423067333366896,37422308474.5,8845473408850.1,0.166666666666667
"constant","const_base","const_tol","tolerance",108,"invader","theta",-63650265898459256,-63650200822948752,0.0853095809423807,65075510504,762815967270.463,0.166666666666667
"constant","const_base","const_tol","tolerance",108,"invader","a_l1",11518739563215458,11518614289534684,0.0131433109672616,125273680774,9531363983249.09,0.166666666666667
"constant","const_base","const_tol","tolerance",108,"invader","a_l2",55219965924943248,55220090132993896,0.0671005775963974,124208050648,1851072749255.57,0.166666666666667
"constant","const_base","const_tol","tolerance",108,"invader","a_r1",35365664340661568,35365614716665840,0.0604501754367512,49623995728,820907389754.748,0.166666666666667
"constant","const_base","const_tol","tolerance",108,"invader","a_b1",-11914703261405446,-11914692516835800,0.0174329522695687,10744569646,616336778754.103,0.166666666666667
"constant","const_base","const_tol","tolerance",108,"invader","r_s",-5075188025435404,-5075186646398446,0.01395155257935,1379036958,98844694893.7528,0.166666666666667
"constant","const_base","const_tol","tolerance",108,"invader","r_b",-1725563928648038,-1725563459775472,0.00474352787697887,468872566.25,98844695005.4866,0.166666666666667
"constant","const_base","const_tol","tolerance",108,"invader","r_r",-17018180806284008,-17018150376982832,0.0265748956494436,30429301176,1145039347563.24,0.166666666666667
"constant","const_base","const_tol","tolerance",108,"invader","r_l",-103199279135201024,-103199094610075664,0.161151776757663,184525125360,1145039347828.51,0.166666666666667
"constant","const_base","const_tol","tolerance",108,"invader","a_y",121676050322403520,121675783905976944,0.147725816745313,266416426576,1803452046809.91,0.166666666666667
"constant","const_base","const_tol","tolerance",108,"invader","a_bio",121676050322403872,121675783905976592,0.147725816745314,266416427280,1803452051575.48,0.166666666666667
"constant","const_base","const_tol","tolerance",108,"invader","k_l",-4195664372793776,-4195656870750146,0.00655177801647952,7502043630,1145039348270.09,0.166666666666667
"constant","const_base","const_tol","tolerance",108,"invader","k_b",-1524788416991017,-1524788002673446,0.00419160150627316,414317570.5,98844694534.9961,0.166666666666667
"constant","const_base","const_tol","tolerance",108,"invader","k_s",-8969343629358934,-8969341192196740,0.0246564794486647,2437162194,98844695126.6592,0.166666666666667
"constant","const_base","const_tol","tolerance",108,"invader","k_r",-4572874422292859,-4572866245780072,0.00714081381398727,8176512787,1145039347053.7,0.166666666666667
"constant","const_base","const_tol","tolerance",108,"invader","a_f3",-0.749999999999999,-0.75,NA,8.88178419700125e-16,NA,0.166666666666667
"constant","const_base","const_tol","tolerance",108,"invader","a_f1",-115451235316.856,-115451233100.801,0.00127291503835189,2216.05464172363,1740928.95044502,0.166666666666667
"constant","const_base","const_tol","tolerance",108,"invader","a_f2",939403364411.691,939403345979.962,0.0037105447466109,18431.7288818359,4967391.62050826,0.166666666666667
"constant","const_base","const_tol","tolerance",108,"invader","S_D",1,1,NA,2.22044604925031e-16,NA,0.166666666666667
"constant","const_base","const_tol","tolerance",108,"invader","a_d0",-0.00413158662215507,-0.0041315866305723,4.06577172294892e-05,8.41723218902857e-12,2.07026679375976e-07,0.166666666666667
"constant","const_base","const_tol","tolerance",108,"invader","d_I",-0.172503441820951,-0.172503441919068,0.000496650144011525,9.81160985791263e-11,1.97555763875605e-07,0.166666666666667
"constant","const_base","const_tol","tolerance",108,"invader","a_dG1",-0.0271616140178263,-0.0271616140272674,0.0373210585036517,9.44105557620922e-12,2.52968590783283e-10,0.166666666666667
"constant","const_base","const_tol","tolerance",108,"invader","a_dG2",0.220481078367192,0.220481078446029,0.0500238045054518,7.88375476012959e-11,1.57600063371237e-09,0.166666666666667
"constant","const_base","const_tol","tolerance",108,"invader","a_st1",-2582649349185113,-2582645937200796,0.0228273713223395,3411984316.5,149468997911.334,0.166666666666667
"constant","const_base","const_tol","tolerance",108,"invader","a_st2",-1141247021569405,-1141245079268713,0.0114492275027067,1942300692,169644693630.275,0.166666666666667
"constant","const_base","const_tol","tolerance",108,"invader","a_st3",33326527730456.2,33326164279404.8,0.000120867284167558,363451051.386719,3007025878755.31,0.166666666666667
"constant","const_base","const_tol","tolerance",108,"invader","storage_relaxation_offset",-91123700023437.6,-91123289750018.4,0.0163728971531554,410273419.15625,25058083204.1189,0.166666666666667
"constant","const_base","const_tol","tolerance",108,"invader","k_I",52649982544861672,52649898510239904,0.0718059931218581,84034621768,1170300947239.73,0.166666666666667
"constant","const_base","const_tol","tolerance",108,"invader","vcmax_25",58750240469498472,58750111552994912,0.0898070914112696,128916503560,1435482449483.08,0.166666666666667
"constant","const_base","const_tol","tolerance",108,"invader","stem_P50",80007986517806384,80007851223669632,0.216822964856134,135294136752,623984349820.925,0.166666666666667
"constant","const_base","const_tol","tolerance",108,"invader","K_s",15858388459669172,15858377554311552,0.0453144918293449,10905357620,240659382456.936,0.166666666666667
"constant","const_base","const_tol","tolerance",108,"invader","stem_c",18716012234236316,18715983682628996,0.0696020987051458,28551607320,410211873652.728,0.166666666666667
"constant","const_base","const_tol","tolerance",108,"invader","TF24_beta2",43629728516338328,43629649584422176,0.0669478234759473,78931916152,1179006456876.95,0.166666666666667
"constant","const_base","const_tol","tolerance",108,"invader","TF24_cost_scale",-28409603958265840,-28409551799835952,0.0782814656176295,52158429888,666293476705.852,0.166666666666667
"constant","const_base","const_tol","tolerance",108,"invader","TF24_floor_lambda_o",-545602340288.159,-545601187635.932,7.24071295789851e-07,1152652.22705078,1591904324550.55,0.166666666666667
"constant","const_base","const_tol","tolerance",108,"invader","jmax_25",103060457132862192,103060238639409744,0.135694034401089,218493452448,1610192028060.49,0.166666666666667
"constant","const_base","const_tol","tolerance",108,"invader","a",52649982544861736,52649898510239856,0.0718059931218568,84034621880,1170300948799.51,0.166666666666667
"constant","const_base","const_tol","tolerance",108,"invader","curv_fact_elec_trans",57690182003127848,57690076947474872,0.0777062281503751,105055652976,1351959237716.43,0.166666666666667
"constant","const_base","const_tol","tolerance",108,"invader","curv_fact_colim",832552307110089472,832550546746515456,1.16185973887142,1760363574016,1515125720533.13,0.166666666666667
"constant","const_base","const_tol","tolerance",108,"invader","R_d_25",-18019881077003688,-18019847295716636,0.0248968244403105,33781287052,1356851237513.84,0.166666666666667
"constant","const_base","const_tol","tolerance",108,"invader","root_c",943180293154335,943177990841515,0.00223308377758971,2302312820.375,1031001543014.21,0.166666666666667
"constant","const_base","const_tol","tolerance",108,"invader","root_P50",1095739572759480,1095736465258508,0.0115197897655194,3107500971.875,269753271120.993,0.166666666666667
"constant","const_base","const_tol","tolerance",108,"invader","rooting_depth_max",-1331156195044033,-1330950637890647,0.00640993799840723,205557153385.75,32068508843116.4,0.166666666666667
"constant","const_base","const_tol","tolerance",108,"invader","D_c",26075085048307772,26075074136221352,0.0854537218083385,10912086420,127695859104.585,0.166666666666667
"constant","const_base","const_tol","tolerance",108,"invader","L_tip",-5942811232860074,-5942807729318081,0.0174299078823671,3503541993,201007487626.733,0.166666666666667
"constant","const_base","const_tol","tolerance",108,"invader","recruitment_decay",-0.123457103811605,-0.12345710381223,0.0313080603292074,6.25569041012852e-13,1.99810858429085e-11,0.166666666666667
"dry","dry_1e-5","dry_1.05e-5","tolerance",108,"resident","ln J",0.173642621228041,0.173622238351055,0.0252373006179605,2.03828769863301e-05,0.000807648856543094,0.166666666666667
"dry","dry_1e-5","dry_1.05e-5","tolerance",108,"resident","lma",-13.1278106163365,-13.1216225326948,0.0865187830441221,0.00618808364160373,0.0715230083443035,0.166666666666667
"dry","dry_1e-5","dry_1.05e-5","tolerance",108,"resident","rho",-11.0192345437481,-11.0183356007127,0.067304081071671,0.000898943035435806,0.0133564417063883,0.166666666666667
"dry","dry_1e-5","dry_1.05e-5","tolerance",108,"resident","hmat",-17.1530360662746,-17.1529007455635,0.0823821739925302,0.000135320711034836,0.0016425969900613,0.166666666666667
"dry","dry_1e-5","dry_1.05e-5","tolerance",108,"resident","omega",-0.291864486824782,-0.291921994048455,0.00163621838907992,5.75072236732033e-05,0.0351464230306938,0.166666666666667
"dry","dry_1e-5","dry_1.05e-5","tolerance",108,"resident","theta",-6.52563391620168,-6.52546777582135,0.052136021104462,0.000166140380329693,0.00318667164870153,0.166666666666667
"dry","dry_1e-5","dry_1.05e-5","tolerance",108,"resident","a_l1",3.28853097996913,3.28971279539239,0.0155928426200379,0.00118181542325946,0.0757921728614603,0.166666666666667
"dry","dry_1e-5","dry_1.05e-5","tolerance",108,"resident","a_l2",4.14630000904432,4.14643438937949,0.0484017955046249,0.000134380335172324,0.00277635021121238,0.166666666666667
"dry","dry_1e-5","dry_1.05e-5","tolerance",108,"resident","a_r1",3.9833745051542,3.98054650187537,0.0282484728355013,0.00282800327882171,0.100111722686389,0.166666666666667
"dry","dry_1e-5","dry_1.05e-5","tolerance",108,"resident","a_b1",-1.90104820823656,-1.90067511441779,0.0093530811969132,0.000373093818765158,0.0398899368999694,0.166666666666667
"dry","dry_1e-5","dry_1.05e-5","tolerance",108,"resident","r_s",-1.90618461347265,-1.90592926629977,0.00814448762245535,0.000255347172876785,0.0313521469629055,0.166666666666667
"dry","dry_1e-5","dry_1.05e-5","tolerance",108,"resident","r_b",-0.648102768580698,-0.648015950541926,0.00276912579163486,8.6818038771419e-05,0.0313521469604899,0.166666666666667
"dry","dry_1e-5","dry_1.05e-5","tolerance",108,"resident","r_r",-2.07257139932865,-2.07172467796229,0.0112957691468244,0.000846721366368097,0.0749591599617754,0.166666666666667
"dry","dry_1e-5","dry_1.05e-5","tolerance",108,"resident","r_l",-12.5681984932239,-12.5630639235758,0.0684982282477256,0.0051345696481615,0.0749591599594693,0.166666666666667
"dry","dry_1e-5","dry_1.05e-5","tolerance",108,"resident","a_y",10.725342459196,10.7234117247677,0.0846037032400881,0.00193073442835434,0.0228209210047852,0.166666666666667
"dry","dry_1e-5","dry_1.05e-5","tolerance",108,"resident","a_bio",10.725342459196,10.7234117247676,0.0846037032400873,0.00193073442832414,0.0228209210044285,0.166666666666667
"dry","dry_1e-5","dry_1.05e-5","tolerance",108,"resident","k_l",-0.510972005716593,-0.510763254927599,0.00278486030393652,0.000208750788994183,0.0749591599618497,0.166666666666667
"dry","dry_1e-5","dry_1.05e-5","tolerance",108,"resident","k_b",-0.572693702125499,-0.572616985674886,0.00244692813878182,7.67164506139117e-05,0.0313521469625603,0.166666666666667
"dry","dry_1e-5","dry_1.05e-5","tolerance",108,"resident","k_s",-3.36878648309117,-3.36833520985227,0.0143936949340114,0.000451273238897265,0.0313521469619962,0.166666666666667
"dry","dry_1e-5","dry_1.05e-5","tolerance",108,"resident","k_r",-0.556910803113931,-0.556683284642765,0.00303523240231202,0.000227518471166088,0.0749591599617812,0.166666666666667
"dry","dry_1e-5","dry_1.05e-5","tolerance",108,"resident","a_f3",-0.75,-0.750000000000002,NA,2.1094237467878e-15,NA,0.166666666666667
"dry","dry_1e-5","dry_1.05e-5","tolerance",108,"resident","a_f1",0.680939882963658,0.680933534307532,0.00121037238280252,6.34865612569868e-06,0.00524520900832096,0.166666666666667
"dry","dry_1e-5","dry_1.05e-5","tolerance",108,"resident","a_f2",-0.337102583641376,-0.33710664808471,0.00378960082273098,4.06444333461708e-06,0.00107252545182003,0.166666666666667
"dry","dry_1e-5","dry_1.05e-5","tolerance",108,"resident","S_D",0.999999999999999,1,NA,1.99840144432528e-15,NA,0.166666666666667
"dry","dry_1e-5","dry_1.05e-5","tolerance",108,"resident","a_d0",0.0197634171740915,0.0197685823835306,0.000214789565613506,5.16520943906473e-06,0.0240477670519575,0.166666666666667
"dry","dry_1e-5","dry_1.05e-5","tolerance",108,"resident","d_I",0.0107917891910416,0.0108504211685806,0.000473163899993009,5.86319775389924e-05,0.123914731322188,0.166666666666667
"dry","dry_1e-5","dry_1.05e-5","tolerance",108,"resident","a_dG1",0.766193622867687,0.772269434253229,0.0365917805597071,0.00607581138554192,0.166043064661146,0.166666666666667
"dry","dry_1e-5","dry_1.05e-5","tolerance",108,"resident","a_dG2",1.18621676695674,1.18449038808871,0.0189878027926389,0.00172637886803284,0.0909204127979523,0.166666666666667
"dry","dry_1e-5","dry_1.05e-5","tolerance",108,"resident","a_st1",0.158265570054345,0.15685209692175,0.0205905072541103,0.00141347313259507,0.0686468339585424,0.166666666666667
"dry","dry_1e-5","dry_1.05e-5","tolerance",108,"resident","a_st2",0.0362989295607505,0.0359962350856281,0.00451817346276503,0.000302694475122475,0.0669948769379988,0.166666666666667
"dry","dry_1e-5","dry_1.05e-5","tolerance",108,"resident","a_st3",-0.0048268660992136,-0.00482878522540197,5.5834829722968e-05,1.91912618837525e-06,0.0343714881534923,0.166666666666667
"dry","dry_1e-5","dry_1.05e-5","tolerance",108,"resident","storage_relaxation_offset",-0.450102941228869,-0.451341172507618,0.0102229074454081,0.00123823127874934,0.121123201531627,0.166666666666667
"dry","dry_1e-5","dry_1.05e-5","tolerance",108,"resident","k_I",2.23992525743582,2.23823424816377,0.0293274630210281,0.00169100927205301,0.0576595824480468,0.166666666666667
"dry","dry_1e-5","dry_1.05e-5","tolerance",108,"resident","vcmax_25",11.0307069177224,11.0284090426181,0.0510500456143165,0.00229787510427215,0.0450122047222566,0.166666666666667
"dry","dry_1e-5","dry_1.05e-5","tolerance",108,"resident","stem_P50",13.2923766777388,13.2882933975449,0.0670692512618307,0.00408328019390503,0.0608815532763944,0.166666666666667
"dry","dry_1e-5","dry_1.05e-5","tolerance",108,"resident","K_s",4.49360062754646,4.49286782489132,0.0198311391066108,0.00073280265514164,0.0369521211667239,0.166666666666667
"dry","dry_1e-5","dry_1.05e-5","tolerance",108,"resident","stem_c",2.38094836625615,2.3802372235212,0.0166223969748096,0.000711142734952208,0.0427822013894813,0.166666666666667
"dry","dry_1e-5","dry_1.05e-5","tolerance",108,"resident","TF24_beta2",5.61678972601805,5.61465626195522,0.0326731025545285,0.00213346406282877,0.0652972597037031,0.166666666666667
"dry","dry_1e-5","dry_1.05e-5","tolerance",108,"resident","TF24_cost_scale",-3.34673761201535,-3.3432507026691,0.0196115012110622,0.00348690934624862,0.177799206125117,0.166666666666667
"dry","dry_1e-5","dry_1.05e-5","tolerance",108,"resident","TF24_floor_lambda_o",-3.30951805146e-05,-3.30646520645171e-05,4.04248218662552e-07,3.05284500829462e-08,0.0755190713862611,0.166666666666667
"dry","dry_1e-5","dry_1.05e-5","tolerance",108,"resident","jmax_25",6.40738987885406,6.40327792203233,0.0693568867216854,0.00411195682172494,0.0592869290431872,0.166666666666667
"dry","dry_1e-5","dry_1.05e-5","tolerance",108,"resident","a",1.6242962730808,1.62241976605325,0.035416347525355,0.00187650702754594,0.0529842052798506,0.166666666666667
"dry","dry_1e-5","dry_1.05e-5","tolerance",108,"resident","curv_fact_elec_trans",2.52551211816987,2.52330838015313,0.0390362431143479,0.00220373801674034,0.0564536400258854,0.166666666666667
"dry","dry_1e-5","dry_1.05e-5","tolerance",108,"resident","curv_fact_colim",93.4630963802678,93.4301076417178,0.598065496775702,0.0329887385500314,0.0551590732584987,0.166666666666667
"dry","dry_1e-5","dry_1.05e-5","tolerance",108,"resident","R_d_25",-1.68728418616513,-1.68656335579913,0.0118378365536557,0.000720830365996461,0.0608920694866207,0.166666666666667
"dry","dry_1e-5","dry_1.05e-5","tolerance",108,"resident","root_c",0.527578308304859,0.527608446306172,0.00320317290520615,3.01380013131292e-05,0.00940879627950947,0.166666666666667
"dry","dry_1e-5","dry_1.05e-5","tolerance",108,"resident","root_P50",-1.31579171359601,-1.31612811976057,0.0107532495844038,0.000336406164559877,0.0312841399169039,0.166666666666667
"dry","dry_1e-5","dry_1.05e-5","tolerance",108,"resident","rooting_depth_max",0.0330016501340958,0.0323179627325346,0.00538891110015255,0.000683687401561148,0.126869304179428,0.166666666666667
"dry","dry_1e-5","dry_1.05e-5","tolerance",108,"resident","D_c",9.53656919601408,9.5353927449785,0.041621318781194,0.00117645103557962,0.0282655876851067,0.166666666666667
"dry","dry_1e-5","dry_1.05e-5","tolerance",108,"resident","L_tip",-1.77512987668614,-1.7748575244841,0.0077914604431711,0.000272352202031589,0.034955218475157,0.166666666666667
"dry","dry_1e-5","dry_1.05e-5","tolerance",108,"resident","recruitment_decay",11.3200456045188,11.3230305450968,0.0678554143719225,0.00298494057792098,0.0439897185147262,0.166666666666667
"dry","dry_1e-5","dry_1.05e-5","tolerance",108,"invader","ln J",0.173642621228041,0.173622238351055,0.0252373006179605,2.03828769863301e-05,0.000807648856543094,0.166666666666667
"dry","dry_1e-5","dry_1.05e-5","tolerance",108,"invader","lma",-35.3957180313992,-35.3969522571009,0.197819614061448,0.00123422570166554,0.00623914725302292,0.166666666666667
"dry","dry_1e-5","dry_1.05e-5","tolerance",108,"invader","rho",-15.5430635495408,-15.5426164765881,0.107345694889346,0.000447072952670879,0.00416479629790213,0.166666666666667
"dry","dry_1e-5","dry_1.05e-5","tolerance",108,"invader","hmat",-17.0527753938253,-17.0526664503148,0.0817500420917349,0.000108943510475967,0.00133264164382591,0.166666666666667
"dry","dry_1e-5","dry_1.05e-5","tolerance",108,"invader","omega",0.0643249599073131,0.0642417579564586,0.00423067333366896,8.32019508544418e-05,0.0196663614258033,0.166666666666667
"dry","dry_1e-5","dry_1.05e-5","tolerance",108,"invader","theta",-6.42967317080187,-6.42808193646792,0.0853095809423807,0.00159123433394814,0.0186524692346442,0.166666666666667
"dry","dry_1e-5","dry_1.05e-5","tolerance",108,"invader","a_l1",-2.17402150181724,-2.17430107940823,0.0131433109672616,0.000279577590993618,0.0212714735038996,0.166666666666667
"dry","dry_1e-5","dry_1.05e-5","tolerance",108,"invader","a_l2",5.42085999642858,5.42009272883563,0.0671005775963974,0.00076726759294754,0.0114345899906044,0.166666666666667
"dry","dry_1e-5","dry_1.05e-5","tolerance",108,"invader","a_r1",12.512073052133,12.5132846636214,0.0604501754367512,0.00121161148838489,0.0200431426316139,0.166666666666667
"dry","dry_1e-5","dry_1.05e-5","tolerance",108,"invader","a_b1",-3.05893414397052,-3.05890005570682,0.0174329522695687,3.40882637024364e-05,0.00195539247600314,0.166666666666667
"dry","dry_1e-5","dry_1.05e-5","tolerance",108,"invader","r_s",-2.64166619885148,-2.64181253204571,0.01395155257935,0.000146333194227743,0.0104886673648304,0.166666666666667
"dry","dry_1e-5","dry_1.05e-5","tolerance",108,"invader","r_b",-0.898166507609507,-0.89821626089554,0.00474352787697887,4.97532860321837e-05,0.0104886673637241,0.166666666666667
"dry","dry_1e-5","dry_1.05e-5","tolerance",108,"invader","r_r",-4.99692352595694,-4.99724158207524,0.0265748956494436,0.000318056118297605,0.0119682922745273,0.166666666666667
"dry","dry_1e-5","dry_1.05e-5","tolerance",108,"invader","r_l",-30.3016469058824,-30.3035756174474,0.161151776757663,0.00192871156500374,0.0119682922758221,0.166666666666667
"dry","dry_1e-5","dry_1.05e-5","tolerance",108,"invader","a_y",19.9558623804808,19.9545261897053,0.147725816745313,0.00133619077551828,0.00904507285833415,0.166666666666667
"dry","dry_1e-5","dry_1.05e-5","tolerance",108,"invader","a_bio",19.9558623804808,19.9545261897054,0.147725816745314,0.0013361907754188,0.00904507285766071,0.166666666666667
"dry","dry_1e-5","dry_1.05e-5","tolerance",108,"invader","k_l",-1.23194213588864,-1.23202054948286,0.00655177801647952,7.841359422045e-05,0.011968292274741,0.166666666666667
"dry","dry_1e-5","dry_1.05e-5","tolerance",108,"invader","k_b",-0.793661634086924,-0.793705598400845,0.00419160150627316,4.39643139209522e-05,0.0104886673638119,0.166666666666667
"dry","dry_1e-5","dry_1.05e-5","tolerance",108,"invader","k_s",-4.66859784757012,-4.66885646118142,0.0246564794486647,0.000258613611308078,0.0104886673641514,0.166666666666667
"dry","dry_1e-5","dry_1.05e-5","tolerance",108,"invader","k_r",-1.34269955420643,-1.34278501755323,0.00714081381398727,8.54633468059252e-05,0.0119682922748275,0.166666666666667
"dry","dry_1e-5","dry_1.05e-5","tolerance",108,"invader","a_f3",-0.75,-0.750000000000002,NA,2.1094237467878e-15,NA,0.166666666666667
"dry","dry_1e-5","dry_1.05e-5","tolerance",108,"invader","a_f1",0.677020586023939,0.677015950423504,0.00127291503835189,4.63560043462152e-06,0.00364172022087466,0.166666666666667
"dry","dry_1e-5","dry_1.05e-5","tolerance",108,"invader","a_f2",-0.334977664607945,-0.334979072215798,0.0037105447466109,1.40760785299898e-06,0.000379353423586833,0.166666666666667
"dry","dry_1e-5","dry_1.05e-5","tolerance",108,"invader","S_D",0.999999999999999,1,NA,1.99840144432528e-15,NA,0.166666666666667
"dry","dry_1e-5","dry_1.05e-5","tolerance",108,"invader","a_d0",-0.00576956164053904,-0.00576907382794041,4.06577172294892e-05,4.87812598626812e-07,0.0119980321539794,0.166666666666667
"dry","dry_1e-5","dry_1.05e-5","tolerance",108,"invader","d_I",-0.166675433743065,-0.166675275947543,0.000496650144011525,1.57795522010007e-07,0.000317719674327418,0.166666666666667
"dry","dry_1e-5","dry_1.05e-5","tolerance",108,"invader","a_dG1",-7.13089277526691,-7.13090386034472,0.0373210585036517,1.10850778058946e-05,0.000297019383970849,0.166666666666667
"dry","dry_1e-5","dry_1.05e-5","tolerance",108,"invader","a_dG2",5.50642385043965,5.50643141570996,0.0500238045054518,7.5652703150908e-06,0.000151233405573267,0.166666666666667
"dry","dry_1e-5","dry_1.05e-5","tolerance",108,"invader","a_st1",2.86793465422831,2.86800078652496,0.0228273713223395,6.61322966495348e-05,0.00289706141437389,0.166666666666667
"dry","dry_1e-5","dry_1.05e-5","tolerance",108,"invader","a_st2",0.75004981602851,0.750071709817289,0.0114492275027067,2.18937887793702e-05,0.00191225030458992,0.166666666666667
"dry","dry_1e-5","dry_1.05e-5","tolerance",108,"invader","a_st3",0.00365697108580728,0.00365617958973129,0.000120867284167558,7.91496075988e-07,0.00654847241285533,0.166666666666667
"dry","dry_1e-5","dry_1.05e-5","tolerance",108,"invader","storage_relaxation_offset",2.14307772893427,2.14308422326121,0.0163728971531554,6.49432694377339e-06,0.000396651055889751,0.166666666666667
"dry","dry_1e-5","dry_1.05e-5","tolerance",108,"invader","k_I",8.8591511299817,8.85920061976581,0.0718059931218581,4.94897841036845e-05,0.000689215230540689,0.166666666666667
"dry","dry_1e-5","dry_1.05e-5","tolerance",108,"invader","vcmax_25",20.2120518511916,20.213472102601,0.0898070914112696,0.00142025140942792,0.0158144684023215,0.166666666666667
"dry","dry_1e-5","dry_1.05e-5","tolerance",108,"invader","stem_P50",42.2566407194973,42.2627465131109,0.216822964856134,0.00610579361357821,0.0281602717573275,0.166666666666667
"dry","dry_1e-5","dry_1.05e-5","tolerance",108,"invader","K_s",9.11339037873892,9.11453454012022,0.0453144918293449,0.0011441613813048,0.0252493481690963,0.166666666666667
"dry","dry_1e-5","dry_1.05e-5","tolerance",108,"invader","stem_c",-6.34721889653492,-6.35007483919678,0.0696020987051458,0.00285594266185996,0.041032421650941,0.166666666666667
"dry","dry_1e-5","dry_1.05e-5","tolerance",108,"invader","TF24_beta2",11.8385447083251,11.8389472433317,0.0669478234759473,0.00040253500661791,0.00601266756286007,0.166666666666667
"dry","dry_1e-5","dry_1.05e-5","tolerance",108,"invader","TF24_cost_scale",-15.4451975017126,-15.4479353034646,0.0782814656176295,0.00273780175205296,0.0349738182653084,0.166666666666667
"dry","dry_1e-5","dry_1.05e-5","tolerance",108,"invader","TF24_floor_lambda_o",-0.000129175043571271,-0.000129178758107592,7.24071295789851e-07,3.71453632146156e-09,0.00513006984679537,0.166666666666667
"dry","dry_1e-5","dry_1.05e-5","tolerance",108,"invader","jmax_25",20.720884628535,20.7208526402633,0.135694034401089,3.19882716723896e-05,0.000235738231334751,0.166666666666667
"dry","dry_1e-5","dry_1.05e-5","tolerance",108,"invader","a",8.85915112998168,8.85920061976581,0.0718059931218568,4.94897841214481e-05,0.000689215230788084,0.166666666666667
"dry","dry_1e-5","dry_1.05e-5","tolerance",108,"invader","curv_fact_elec_trans",10.616056471426,10.6160884005992,0.0777062281503751,3.19291732449045e-05,0.000410895934661968,0.166666666666667
"dry","dry_1e-5","dry_1.05e-5","tolerance",108,"invader","curv_fact_colim",212.748440311813,212.756020559656,1.16185973887142,0.00758024784352074,0.00652423660956172,0.166666666666667
"dry","dry_1e-5","dry_1.05e-5","tolerance",108,"invader","R_d_25",-4.36256576114732,-4.36274933396784,0.0248968244403105,0.000183572820517064,0.00737334277137131,0.166666666666667
"dry","dry_1e-5","dry_1.05e-5","tolerance",108,"invader","root_c",0.184360030334284,0.18445891286815,0.00223308377758971,9.88825338665011e-05,0.0442807094202397,0.166666666666667
"dry","dry_1e-5","dry_1.05e-5","tolerance",108,"invader","root_P50",1.79526692634195,1.79574935801174,0.0115197897655194,0.000482431669789785,0.0418785133765011,0.166666666666667
"dry","dry_1e-5","dry_1.05e-5","tolerance",108,"invader","rooting_depth_max",0.666846884515082,0.667058943177681,0.00640993799840723,0.000212058662598769,0.0330827946622045,0.166666666666667
"dry","dry_1e-5","dry_1.05e-5","tolerance",108,"invader","D_c",16.9708846591291,16.9728736022911,0.0854537218083385,0.00198894316201148,0.0232750911244383,0.166666666666667
"dry","dry_1e-5","dry_1.05e-5","tolerance",108,"invader","L_tip",-3.49447358229997,-3.4949120206527,0.0174299078823671,0.000438438352732273,0.0251543700455134,0.166666666666667
"dry","dry_1e-5","dry_1.05e-5","tolerance",108,"invader","recruitment_decay",-1.35043173701191,-1.35044572950245,0.0313080603292074,1.39924905375732e-05,0.000446929333546722,0.166666666666667
"dry","dry_base","dry_n215","nodes",215,"resident","ln J",0.173640028285468,0.180682859944547,0.0252373006179605,0.00704283165907965,0.373245883581244,0.333333333333333
"dry","dry_base","dry_n215","nodes",215,"resident","lma",-13.1269252064595,-13.1836186634377,0.0865187830441221,0.0566934569781186,0.876421771195541,0.333333333333333
"dry","dry_base","dry_n215","nodes",215,"resident","rho",-11.0200708989362,-11.0570638996555,0.067304081071671,0.0369930007192849,0.735137846396501,0.333333333333333
"dry","dry_base","dry_n215","nodes",215,"resident","hmat",-17.1517813778363,-17.1897350302287,0.0823821739925302,0.0379536523924529,0.616184751923348,0.333333333333333
"dry","dry_base","dry_n215","nodes",215,"resident","omega",-0.291515087986126,-0.288605846350425,0.00163621838907992,0.00290924163570033,2.3780946993246,0.333333333333333
"dry","dry_base","dry_n215","nodes",215,"resident","theta",-6.52687370355306,-6.55844014119101,0.052136021104462,0.0315664376379585,0.809801001098703,0.333333333333333
"dry","dry_base","dry_n215","nodes",215,"resident","a_l1",3.28657894837147,3.28832674467308,0.0155928426200379,0.00174779630161215,0.149918814839623,0.333333333333333
"dry","dry_base","dry_n215","nodes",215,"resident","a_l2",4.14807050629931,4.18030570023583,0.0484017955046249,0.0322351939365264,0.890757391392166,0.333333333333333
"dry","dry_base","dry_n215","nodes",215,"resident","a_r1",3.98203275973511,3.99440511977829,0.0282484728355013,0.0123723600431864,0.585798419397478,0.333333333333333
"dry","dry_base","dry_n215","nodes",215,"resident","a_b1",-1.90090491869283,-1.90434488354827,0.0093530811969132,0.00343996485544418,0.491914835855402,0.333333333333333
"dry","dry_base","dry_n215","nodes",215,"resident","r_s",-1.90590907915954,-1.9071330275686,0.00814448762245535,0.00122394840906148,0.200997180022833,0.333333333333333
"dry","dry_base","dry_n215","nodes",215,"resident","r_b",-0.648009086914238,-0.648425229373323,0.00276912579163486,0.000416142459085056,0.200997180024835,0.333333333333333
"dry","dry_base","dry_n215","nodes",215,"resident","r_r",-2.07215881540521,-2.07789929173,0.0112957691468244,0.00574047632478747,0.679708564055123,0.333333333333333
"dry","dry_base","dry_n215","nodes",215,"resident","r_l",-12.5656965593237,-12.6005071554358,0.0684982282477256,0.034810596112111,0.679708564054763,0.333333333333333
"dry","dry_base","dry_n215","nodes",215,"resident","a_y",10.7281210815164,10.7896288908682,0.0846037032400881,0.0615078093518822,0.972369898866803,0.333333333333333
"dry","dry_base","dry_n215","nodes",215,"resident","a_bio",10.7281210815164,10.7896288908683,0.0846037032400873,0.0615078093519283,0.972369898867542,0.333333333333333
"dry","dry_base","dry_n215","nodes",215,"resident","k_l",-0.510870287225759,-0.51228554495941,0.00278486030393652,0.00141525773365181,0.679708564055152,0.333333333333333
"dry","dry_base","dry_n215","nodes",215,"resident","k_b",-0.572610920654736,-0.572978643455902,0.00244692813878182,0.00036772280116637,0.200997180025808,0.333333333333333
"dry","dry_base","dry_n215","nodes",215,"resident","k_s",-3.36829953326315,-3.37046260856413,0.0143936949340114,0.00216307530098536,0.200997180026422,0.333333333333333
"dry","dry_base","dry_n215","nodes",215,"resident","k_r",-0.556799939650205,-0.558342435740486,0.00303523240231202,0.00154249609028156,0.679708564055115,0.333333333333333
"dry","dry_base","dry_n215","nodes",215,"resident","a_f3",-0.750000000000002,-0.750000000000001,NA,1.33226762955019e-15,NA,0.333333333333333
"dry","dry_base","dry_n215","nodes",215,"resident","a_f1",0.680899270673711,0.681317901139784,0.00121037238280252,0.0004186304660736,0.462596609323774,0.333333333333333
"dry","dry_base","dry_n215","nodes",215,"resident","a_f2",-0.337082513678465,-0.340316824443968,0.00378960082273098,0.00323431076550246,1.14150784398182,0.333333333333333
"dry","dry_base","dry_n215","nodes",215,"resident","S_D",1,1,NA,2.22044604925031e-16,NA,0.333333333333333
"dry","dry_base","dry_n215","nodes",215,"resident","a_d0",0.0197757142929338,0.0194286627685896,0.000214789565613506,0.000347051524344263,2.16108274816626,0.333333333333333
"dry","dry_base","dry_n215","nodes",215,"resident","d_I",0.0108110566219459,0.0111543068363441,0.000473163899993009,0.00034325021439816,0.970263813043297,0.333333333333333
"dry","dry_base","dry_n215","nodes",215,"resident","a_dG1",0.77243788521979,0.793064754989497,0.0365917805597071,0.0206268697697071,0.753946281556879,0.333333333333333
"dry","dry_base","dry_n215","nodes",215,"resident","a_dG2",1.18495882130391,1.17158887298615,0.0189878027926389,0.0133699483177598,0.941771699873171,0.333333333333333
"dry","dry_base","dry_n215","nodes",215,"resident","a_st1",0.156718579966682,0.142176683078727,0.0205905072541103,0.0145418968879547,0.944592808764051,0.333333333333333
"dry","dry_base","dry_n215","nodes",215,"resident","a_st2",0.0360858106728902,0.0325626201268958,0.00451817346276503,0.0035231905459944,1.04295087139518,0.333333333333333
"dry","dry_base","dry_n215","nodes",215,"resident","a_st3",-0.00482575660856192,-0.00423206259281828,5.5834829722968e-05,0.000593694015743632,14.221588072742,0.333333333333333
"dry","dry_base","dry_n215","nodes",215,"resident","storage_relaxation_offset",-0.451338026644279,-0.458060538797404,0.0102229074454081,0.00672251215312447,0.879524186752708,0.333333333333333
"dry","dry_base","dry_n215","nodes",215,"resident","k_I",2.23962917722483,2.26060669820313,0.0293274630210281,0.0209775209783047,0.956687915203896,0.333333333333333
"dry","dry_base","dry_n215","nodes",215,"resident","vcmax_25",11.0300273010802,11.0469996569973,0.0510500456143165,0.0169723559170816,0.444668756414646,0.333333333333333
"dry","dry_base","dry_n215","nodes",215,"resident","stem_P50",13.2918906308628,13.3250475995055,0.0670692512618307,0.0331569686427233,0.661213908551973,0.333333333333333
"dry","dry_base","dry_n215","nodes",215,"resident","K_s",4.49319719538319,4.49862375846448,0.0198311391066108,0.00542656308129263,0.365988816374278,0.333333333333333
"dry","dry_base","dry_n215","nodes",215,"resident","stem_c",2.38124416659894,2.39213229847651,0.0166223969748096,0.0108881318775711,0.876093266331215,0.333333333333333
"dry","dry_base","dry_n215","nodes",215,"resident","TF24_beta2",5.61655208781833,5.63580811555253,0.0326731025545285,0.019256027734194,0.788255385597289,0.333333333333333
"dry","dry_base","dry_n215","nodes",215,"resident","TF24_cost_scale",-3.34326712396574,-3.3465355862776,0.0196115012110622,0.00326846231186595,0.22290677176723,0.333333333333333
"dry","dry_base","dry_n215","nodes",215,"resident","TF24_floor_lambda_o",-3.30907002787304e-05,-3.33656989792317e-05,4.04248218662552e-07,2.7499870050131e-07,0.909857012310181,0.333333333333333
"dry","dry_base","dry_n215","nodes",215,"resident","jmax_25",6.40695368793659,6.45533710769755,0.0693568867216854,0.0483834197609641,0.933034259586999,0.333333333333333
"dry","dry_base","dry_n215","nodes",215,"resident","a",1.6237364571559,1.64877918493195,0.035416347525355,0.025042727776051,0.945732866035291,0.333333333333333
"dry","dry_base","dry_n215","nodes",215,"resident","curv_fact_elec_trans",2.52502045636734,2.55312845755678,0.0390362431143479,0.0281080011894477,0.96305827885398,0.333333333333333
"dry","dry_base","dry_n215","nodes",215,"resident","curv_fact_colim",93.4562238621043,93.8067971397987,0.598065496775702,0.350573277694409,0.784008336839429,0.333333333333333
"dry","dry_base","dry_n215","nodes",215,"resident","R_d_25",-1.68706159580877,-1.69442676625663,0.0118378365536557,0.00736517044785434,0.832148974683347,0.333333333333333
"dry","dry_base","dry_n215","nodes",215,"resident","root_c",0.527899910892952,0.52971867656689,0.00320317290520615,0.00181876567393802,0.759428666516496,0.333333333333333
"dry","dry_base","dry_n215","nodes",215,"resident","root_P50",-1.3168763220781,-1.32051980609883,0.0107532495844038,0.003643484020734,0.453176898723753,0.333333333333333
"dry","dry_base","dry_n215","nodes",215,"resident","rooting_depth_max",0.0322955316452983,0.023684674930946,0.00538891110015255,0.00861085671435235,2.13715471519947,0.333333333333333
"dry","dry_base","dry_n215","nodes",215,"resident","D_c",9.53579888437754,9.54347997804201,0.041621318781194,0.00768109366447156,0.246829943609636,0.333333333333333
"dry","dry_base","dry_n215","nodes",215,"resident","L_tip",-1.77498505320192,-1.77700743120173,0.0077914604431711,0.00202237799981408,0.347163518991921,0.333333333333333
"dry","dry_base","dry_n215","nodes",215,"resident","recruitment_decay",11.3236631118021,11.3083168380701,0.0678554143719225,0.0153462737319963,0.302488628872333,0.333333333333333
"dry","dry_base","dry_n215","nodes",215,"invader","ln J",0.173640028285468,0.180682859944547,0.0252373006179605,0.00704283165907965,0.373245883581244,0.333333333333333
"dry","dry_base","dry_n215","nodes",215,"invader","lma",-35.3953463899777,-35.4824010592055,0.197819614061448,0.087054669227804,0.588590623462466,0.333333333333333
"dry","dry_base","dry_n215","nodes",215,"invader","rho",-15.541961718279,-15.585565219264,0.107345694889346,0.0436035009849238,0.543284542750723,0.333333333333333
"dry","dry_base","dry_n215","nodes",215,"invader","hmat",-17.051501775517,-17.0873307017697,0.0817500420917349,0.0358289262526945,0.586187330979855,0.333333333333333
"dry","dry_base","dry_n215","nodes",215,"invader","omega",0.0642555870374742,0.064633882260251,0.00423067333366896,0.000378295222776812,0.11959471374331,0.333333333333333
"dry","dry_base","dry_n215","nodes",215,"invader","theta",-6.42822556360574,-6.45141250429523,0.0853095809423807,0.0231869406894951,0.363526656692054,0.333333333333333
"dry","dry_base","dry_n215","nodes",215,"invader","a_l1",-2.17425699627504,-2.17272492794277,0.0131433109672616,0.00153206833226616,0.155906410366323,0.333333333333333
"dry","dry_base","dry_n215","nodes",215,"invader","a_l2",5.42020285616579,5.44688166068166,0.0671005775963974,0.026678804515873,0.53177844052171,0.333333333333333
"dry","dry_base","dry_n215","nodes",215,"invader","a_r1",12.512427216005,12.5453044180914,0.0604501754367512,0.0328772020864232,0.727424468427937,0.333333333333333
"dry","dry_base","dry_n215","nodes",215,"invader","a_b1",-3.05877571624899,-3.06575652244737,0.0174329522695687,0.00698080619837249,0.535581121085189,0.333333333333333
"dry","dry_base","dry_n215","nodes",215,"invader","r_s",-2.64159536869803,-2.64684873645337,0.01395155257935,0.00525336775533924,0.503623380399324,0.333333333333333
"dry","dry_base","dry_n215","nodes",215,"invader","r_b",-0.89814242535733,-0.899928570394147,0.00474352787697887,0.00178614503681607,0.503623380399542,0.333333333333333
"dry","dry_base","dry_n215","nodes",215,"invader","r_r",-4.99696530019756,-5.00931649846169,0.0265748956494436,0.0123511982641258,0.62162453175742,0.333333333333333
"dry","dry_base","dry_n215","nodes",215,"invader","r_l",-30.3019002274075,-30.3767986417459,0.161151776757663,0.0748984143384135,0.621624531758074,0.333333333333333
"dry","dry_base","dry_n215","nodes",215,"invader","a_y",19.9541765121005,20.0076871887718,0.147725816745313,0.0535106766712659,0.484478671870379,0.333333333333333
"dry","dry_base","dry_n215","nodes",215,"invader","a_bio",19.9541765121005,20.0076871887717,0.147725816745314,0.053510676671209,0.484478671869862,0.333333333333333
"dry","dry_base","dry_n215","nodes",215,"invader","k_l",-1.23195243491502,-1.23499750084233,0.00655177801647952,0.00304506592731535,0.621624531757437,0.333333333333333
"dry","dry_base","dry_n215","nodes",215,"invader","k_b",-0.793640353890598,-0.795218674587961,0.00419160150627316,0.00157832069736363,0.503623380400657,0.333333333333333
"dry","dry_base","dry_n215","nodes",215,"invader","k_s",-4.66847266994468,-4.67775690934093,0.0246564794486647,0.0092842393962469,0.503623380400146,0.333333333333333
"dry","dry_base","dry_n215","nodes",215,"invader","k_r",-1.34271077916394,-1.34602961090451,0.00714081381398727,0.00331883174057079,0.621624531757174,0.333333333333333
"dry","dry_base","dry_n215","nodes",215,"invader","a_f3",-0.750000000000002,-0.750000000000001,NA,1.33226762955019e-15,NA,0.333333333333333
"dry","dry_base","dry_n215","nodes",215,"invader","a_f1",0.676980433955856,0.677316004331199,0.00127291503835189,0.00033557037534282,0.352593917534754,0.333333333333333
"dry","dry_base","dry_n215","nodes",215,"invader","a_f2",-0.334954349297426,-0.338166497816206,0.0037105447466109,0.00321214851878021,1.15784003954199,0.333333333333333
"dry","dry_base","dry_n215","nodes",215,"invader","S_D",1,1,NA,2.22044604925031e-16,NA,0.333333333333333
"dry","dry_base","dry_n215","nodes",215,"invader","a_d0",-0.00577125235807358,-0.00571859453073551,4.06577172294892e-05,5.26578273380733e-05,1.73224997963915,0.333333333333333
"dry","dry_base","dry_n215","nodes",215,"invader","d_I",-0.166675271151438,-0.166813318848678,0.000496650144011525,0.000138047697240851,0.371765616506731,0.333333333333333
"dry","dry_base","dry_n215","nodes",215,"invader","a_dG1",-7.13089533697056,-7.13199378435435,0.0373210585036517,0.0010984473837814,0.0393655139483521,0.333333333333333
"dry","dry_base","dry_n215","nodes",215,"invader","a_dG2",5.50641391077087,5.51471498892147,0.0500238045054518,0.00830107815060277,0.221946552712728,0.333333333333333
"dry","dry_base","dry_n215","nodes",215,"invader","a_st1",2.86801696014836,2.86720446347924,0.0228273713223395,0.000812496669122087,0.0476054095452991,0.333333333333333
"dry","dry_base","dry_n215","nodes",215,"invader","a_st2",0.750063601149589,0.750676988192679,0.0114492275027067,0.000613387043090552,0.0716554178004709,0.333333333333333
"dry","dry_base","dry_n215","nodes",215,"invader","a_st3",0.00365633606060103,0.00363758742143499,0.000120867284167558,1.87486391660325e-05,0.20746823237067,0.333333333333333
"dry","dry_base","dry_n215","nodes",215,"invader","storage_relaxation_offset",2.14308090300044,2.14786401671956,0.0163728971531554,0.00478311371911744,0.390729131853325,0.333333333333333
"dry","dry_base","dry_n215","nodes",215,"invader","k_I",8.85898354809675,8.88482750764608,0.0718059931218581,0.0258439595493307,0.481381038257555,0.333333333333333
"dry","dry_base","dry_n215","nodes",215,"invader","vcmax_25",20.2121693696326,20.2580498323725,0.0898070914112696,0.0458804627398912,0.68329426899215,0.333333333333333
"dry","dry_base","dry_n215","nodes",215,"invader","stem_P50",42.2593749930146,42.3626842698162,0.216822964856134,0.103309276801554,0.637271743624088,0.333333333333333
"dry","dry_base","dry_n215","nodes",215,"invader","K_s",9.11373615467331,9.13415271496873,0.0453144918293449,0.0204165602954198,0.602609649099889,0.333333333333333
"dry","dry_base","dry_n215","nodes",215,"invader","stem_c",-6.34939494761879,-6.36549363976848,0.0696020987051458,0.0160986921496908,0.309356239848238,0.333333333333333
"dry","dry_base","dry_n215","nodes",215,"invader","TF24_beta2",11.8382569320095,11.8676989568122,0.0669478234759473,0.0294420248026768,0.588195681615753,0.333333333333333
"dry","dry_base","dry_n215","nodes",215,"invader","TF24_cost_scale",-15.446683644751,-15.486251864531,0.0782814656176295,0.0395682197800209,0.676049012892315,0.333333333333333
"dry","dry_base","dry_n215","nodes",215,"invader","TF24_floor_lambda_o",-0.000129173309945935,-0.000129497573854454,7.24071295789851e-07,3.24263908518471e-07,0.598973904389136,0.333333333333333
"dry","dry_base","dry_n215","nodes",215,"invader","jmax_25",20.7203016320874,20.7762921866831,0.135694034401089,0.0559905545956489,0.551879972728857,0.333333333333333
"dry","dry_base","dry_n215","nodes",215,"invader","a",8.85898354809673,8.88482750764606,0.0718059931218568,0.0258439595493325,0.481381038257597,0.333333333333333
"dry","dry_base","dry_n215","nodes",215,"invader","curv_fact_elec_trans",10.6158168013177,10.6460862505998,0.0777062281503751,0.0302694492820965,0.521001904054855,0.333333333333333
"dry","dry_base","dry_n215","nodes",215,"invader","curv_fact_colim",212.746534843474,213.300730928494,1.16185973887142,0.554196085020237,0.637970167139124,0.333333333333333
"dry","dry_base","dry_n215","nodes",215,"invader","R_d_25",-4.3625463202315,-4.37384988608601,0.0248968244403105,0.0113035658545035,0.607242461120017,0.333333333333333
"dry","dry_base","dry_n215","nodes",215,"invader","root_c",0.184383206213447,0.183993567236343,0.00223308377758971,0.000389638977104145,0.233371596779611,0.333333333333333
"dry","dry_base","dry_n215","nodes",215,"invader","root_P50",1.79570211227971,1.80421207700684,0.0115197897655194,0.00850996472713361,0.988038406212036,0.333333333333333
"dry","dry_base","dry_n215","nodes",215,"invader","rooting_depth_max",0.667001825084585,0.669159898073723,0.00640993799840723,0.00215807298913784,0.450301009053027,0.333333333333333
"dry","dry_base","dry_n215","nodes",215,"invader","D_c",16.9713091037502,17.0064643879123,0.0854537218083385,0.0351552841620979,0.550237582031558,0.333333333333333
"dry","dry_base","dry_n215","nodes",215,"invader","L_tip",-3.4946011622189,-3.50233608678607,0.0174299078823671,0.00773492456716607,0.593542211709756,0.333333333333333
"dry","dry_base","dry_n215","nodes",215,"invader","recruitment_decay",-1.35044143204215,-1.34551667519991,0.0313080603292074,0.00492475684223903,0.210387169160168,0.333333333333333
"dry","dry_base","dry_n54","nodes",54,"resident","ln J",0.173640028285468,0.219906035336388,0.0252373006179605,0.0462660070509202,0.611079710297204,0.333333333333333
"dry","dry_base","dry_n54","nodes",54,"resident","lma",-13.1269252064595,-12.9495477612677,0.0865187830441221,0.17737744519189,0.68338704017382,0.333333333333333
"dry","dry_base","dry_n54","nodes",54,"resident","rho",-11.0200708989362,-10.8886759440454,0.067304081071671,0.131394954890789,0.650752786451234,0.333333333333333
"dry","dry_base","dry_n54","nodes",54,"resident","hmat",-17.1517813778363,-16.9688328831195,0.0823821739925302,0.18294849471674,0.740243047941126,0.333333333333333
"dry","dry_base","dry_n54","nodes",54,"resident","omega",-0.291515087986126,-0.258183624805878,0.00163621838907992,0.0333314631802479,6.79034522585764,0.333333333333333
"dry","dry_base","dry_n54","nodes",54,"resident","theta",-6.52687370355306,-6.4154984772045,0.052136021104462,0.111375226348552,0.712081103679392,0.333333333333333
"dry","dry_base","dry_n54","nodes",54,"resident","a_l1",3.28657894837147,3.24420658226942,0.0155928426200379,0.0423723661020468,0.905808028605708,0.333333333333333
"dry","dry_base","dry_n54","nodes",54,"resident","a_l2",4.14807050629931,4.04397580790241,0.0484017955046249,0.10409469839689,0.716879042134873,0.333333333333333
"dry","dry_base","dry_n54","nodes",54,"resident","a_r1",3.98203275973511,3.8978413458612,0.0282484728355013,0.0841914138739073,0.993462718783386,0.333333333333333
"dry","dry_base","dry_n54","nodes",54,"resident","a_b1",-1.90090491869283,-1.88442746333003,0.0093530811969132,0.0164774553627971,0.587238045441651,0.333333333333333
"dry","dry_base","dry_n54","nodes",54,"resident","r_s",-1.90590907915954,-1.8930295783045,0.00814448762245535,0.0128795008550353,0.527125480532581,0.333333333333333
"dry","dry_base","dry_n54","nodes",54,"resident","r_b",-0.648009086914238,-0.643630056623531,0.00276912579163486,0.00437903029070763,0.527125480532047,0.333333333333333
"dry","dry_base","dry_n54","nodes",54,"resident","r_r",-2.07215881540521,-2.04584323144707,0.0112957691468244,0.026315583958135,0.7765616670596,0.333333333333333
"dry","dry_base","dry_n54","nodes",54,"resident","r_l",-12.5656965593237,-12.4061172643675,0.0684982282477256,0.159579294956153,0.776561667060108,0.333333333333333
"dry","dry_base","dry_n54","nodes",54,"resident","a_y",10.7281210815164,10.5916190712886,0.0846037032400881,0.136502010227753,0.537809437806712,0.333333333333333
"dry","dry_base","dry_n54","nodes",54,"resident","a_bio",10.7281210815164,10.5916190712886,0.0846037032400873,0.136502010227817,0.537809437806969,0.333333333333333
"dry","dry_base","dry_n54","nodes",54,"resident","k_l",-0.510870287225759,-0.5043824399453,0.00278486030393652,0.00648784728045904,0.776561667059587,0.333333333333333
"dry","dry_base","dry_n54","nodes",54,"resident","k_b",-0.572610920654736,-0.568741406141788,0.00244692813878182,0.00386951451294837,0.527125480532061,0.333333333333333
"dry","dry_base","dry_n54","nodes",54,"resident","k_s",-3.36829953326315,-3.34553768318699,0.0143936949340114,0.0227618500761579,0.527125480531829,0.333333333333333
"dry","dry_base","dry_n54","nodes",54,"resident","k_r",-0.556799939650205,-0.549728804247445,0.00303523240231202,0.00707113540275972,0.776561667059766,0.333333333333333
"dry","dry_base","dry_n54","nodes",54,"resident","a_f3",-0.750000000000002,-0.750000000000003,NA,1.11022302462516e-16,NA,0.333333333333333
"dry","dry_base","dry_n54","nodes",54,"resident","a_f1",0.680899270673711,0.679220185080885,0.00121037238280252,0.00167908559282559,0.462415704093149,0.333333333333333
"dry","dry_base","dry_n54","nodes",54,"resident","a_f2",-0.337082513678465,-0.317335705683706,0.00378960082273098,0.019746807994759,1.73692946552688,0.333333333333333
"dry","dry_base","dry_n54","nodes",54,"resident","S_D",1,1,NA,4.44089209850063e-16,NA,0.333333333333333
"dry","dry_base","dry_n54","nodes",54,"resident","a_d0",0.0197757142929338,0.0194158715795533,0.000214789565613506,0.000359842713380507,0.558442263171527,0.333333333333333
"dry","dry_base","dry_n54","nodes",54,"resident","d_I",0.0108110566219459,0.00958283792628404,0.000473163899993009,0.00122821869566187,0.86525246725995,0.333333333333333
"dry","dry_base","dry_n54","nodes",54,"resident","a_dG1",0.77243788521979,0.734739141424024,0.0365917805597071,0.0376987437957657,0.34341723030989,0.333333333333333
"dry","dry_base","dry_n54","nodes",54,"resident","a_dG2",1.18495882130391,1.17235567453989,0.0189878027926389,0.0126031467640271,0.221249871152601,0.333333333333333
"dry","dry_base","dry_n54","nodes",54,"resident","a_st1",0.156718579966682,0.187589372333307,0.0205905072541103,0.0308707923666255,0.499757679362385,0.333333333333333
"dry","dry_base","dry_n54","nodes",54,"resident","a_st2",0.0360858106728902,0.0337767536518859,0.00451817346276503,0.00230905702100428,0.170353281035178,0.333333333333333
"dry","dry_base","dry_n54","nodes",54,"resident","a_st3",-0.00482575660856192,-0.00948335372168299,5.5834829722968e-05,0.00465759711312108,27.8058047054761,0.333333333333333
"dry","dry_base","dry_n54","nodes",54,"resident","storage_relaxation_offset",-0.451338026644279,-0.441373192087583,0.0102229074454081,0.0099648345566965,0.324918477119816,0.333333333333333
"dry","dry_base","dry_n54","nodes",54,"resident","k_I",2.23962917722483,2.19199169625362,0.0293274630210281,0.0476374809712055,0.541443367002104,0.333333333333333
"dry","dry_base","dry_n54","nodes",54,"resident","vcmax_25",11.0300273010802,10.917463318706,0.0510500456143165,0.112563982374253,0.734991066248171,0.333333333333333
"dry","dry_base","dry_n54","nodes",54,"resident","stem_P50",13.2918906308628,13.2147051532942,0.0670692512618307,0.0771854775685483,0.383610850558154,0.333333333333333
"dry","dry_base","dry_n54","nodes",54,"resident","K_s",4.49319719538319,4.47317746684088,0.0198311391066108,0.0200197285423114,0.336503254380005,0.333333333333333
"dry","dry_base","dry_n54","nodes",54,"resident","stem_c",2.38124416659894,2.32289692375532,0.0166223969748096,0.0583472428436225,1.17005272929941,0.333333333333333
"dry","dry_base","dry_n54","nodes",54,"resident","TF24_beta2",5.61655208781833,5.55212469157607,0.0326731025545285,0.0644273962422623,0.657292912773728,0.333333333333333
"dry","dry_base","dry_n54","nodes",54,"resident","TF24_cost_scale",-3.34326712396574,-3.27580547142931,0.0196115012110622,0.0674616525364224,1.14663417502463,0.333333333333333
"dry","dry_base","dry_n54","nodes",54,"resident","TF24_floor_lambda_o",-3.30907002787304e-05,-3.23389007231194e-05,4.04248218662552e-07,7.51799555611024e-07,0.619915785156571,0.333333333333333
"dry","dry_base","dry_n54","nodes",54,"resident","jmax_25",6.40695368793659,6.2843823635177,0.0693568867216854,0.122571324418886,0.58908509408128,0.333333333333333
"dry","dry_base","dry_n54","nodes",54,"resident","a",1.6237364571559,1.57638724130842,0.035416347525355,0.0473492158474866,0.445643694281657,0.333333333333333
"dry","dry_base","dry_n54","nodes",54,"resident","curv_fact_elec_trans",2.52502045636734,2.46546090133362,0.0390362431143479,0.0595595550337178,0.508583393977843,0.333333333333333
"dry","dry_base","dry_n54","nodes",54,"resident","curv_fact_colim",93.4562238621043,92.2026645140831,0.598065496775702,1.25355934802127,0.69867450682212,0.333333333333333
"dry","dry_base","dry_n54","nodes",54,"resident","R_d_25",-1.68706159580877,-1.6629846560439,0.0118378365536557,0.0240769397648766,0.677965652922767,0.333333333333333
"dry","dry_base","dry_n54","nodes",54,"resident","root_c",0.527899910892952,0.5542839256127,0.00320317290520615,0.0263840147197475,2.74561250157776,0.333333333333333
"dry","dry_base","dry_n54","nodes",54,"resident","root_P50",-1.3168763220781,-1.38509946948393,0.0107532495844038,0.0682231474058299,2.11480715264524,0.333333333333333
"dry","dry_base","dry_n54","nodes",54,"resident","rooting_depth_max",0.0322955316452983,0.0327710100711246,0.00538891110015255,0.000475478425826299,0.0294109154267325,0.333333333333333
"dry","dry_base","dry_n54","nodes",54,"resident","D_c",9.53579888437754,9.49895224400566,0.041621318781194,0.0368466403718823,0.295094288623158,0.333333333333333
"dry","dry_base","dry_n54","nodes",54,"resident","L_tip",-1.77498505320192,-1.76767793643538,0.0077914604431711,0.00730711676653373,0.31261219980644,0.333333333333333
"dry","dry_base","dry_n54","nodes",54,"resident","recruitment_decay",11.3236631118021,11.0423905336106,0.0678554143719225,0.28127257819156,1.38172505365539,0.333333333333333
"dry","dry_base","dry_n54","nodes",54,"invader","ln J",0.173640028285468,0.219906035336388,0.0252373006179605,0.0462660070509202,0.611079710297204,0.333333333333333
"dry","dry_base","dry_n54","nodes",54,"invader","lma",-35.3953463899777,-35.2690782246318,0.197819614061448,0.126268165345891,0.212766507751634,0.333333333333333
"dry","dry_base","dry_n54","nodes",54,"invader","rho",-15.541961718279,-15.4984950322739,0.107345694889346,0.0434666860051465,0.134974163146312,0.333333333333333
"dry","dry_base","dry_n54","nodes",54,"invader","hmat",-17.051501775517,-16.8704245913055,0.0817500420917349,0.181077184211485,0.738336762396981,0.333333333333333
"dry","dry_base","dry_n54","nodes",54,"invader","omega",0.0642555870374742,0.0681711344890272,0.00423067333366896,0.00391554745155302,0.308504670749211,0.333333333333333
"dry","dry_base","dry_n54","nodes",54,"invader","theta",-6.42822556360574,-6.45920788521326,0.0853095809423807,0.0309823216075289,0.121058390180328,0.333333333333333
"dry","dry_base","dry_n54","nodes",54,"invader","a_l1",-2.17425699627504,-2.14789778597895,0.0131433109672616,0.0263592102960866,0.668507612268684,0.333333333333333
"dry","dry_base","dry_n54","nodes",54,"invader","a_l2",5.42020285616579,5.38832550199964,0.0671005775963974,0.0318773541661512,0.158356084294286,0.333333333333333
"dry","dry_base","dry_n54","nodes",54,"invader","a_r1",12.512427216005,12.4277206900547,0.0604501754367512,0.084706525950244,0.467087290418603,0.333333333333333
"dry","dry_base","dry_n54","nodes",54,"invader","a_b1",-3.05877571624899,-3.04591971443122,0.0174329522695687,0.012856001817775,0.245818027434108,0.333333333333333
"dry","dry_base","dry_n54","nodes",54,"invader","r_s",-2.64159536869803,-2.62308986870774,0.01395155257935,0.0185054999902956,0.442137171593026,0.333333333333333
"dry","dry_base","dry_n54","nodes",54,"invader","r_b",-0.89814242535733,-0.891850555360632,0.00474352787697887,0.00629186999669862,0.442137171592906,0.333333333333333
"dry","dry_base","dry_n54","nodes",54,"invader","r_r",-4.99696530019756,-4.96951213660602,0.0265748956494436,0.0274531635915389,0.344349594114195,0.333333333333333
"dry","dry_base","dry_n54","nodes",54,"invader","r_l",-30.3019002274075,-30.1354225806558,0.161151776757663,0.166477646751687,0.344349594113863,0.333333333333333
"dry","dry_base","dry_n54","nodes",54,"invader","a_y",19.9541765121005,19.9704253134979,0.147725816745313,0.0162488013973601,0.0366643234864715,0.333333333333333
"dry","dry_base","dry_n54","nodes",54,"invader","a_bio",19.9541765121005,19.9704253134979,0.147725816745314,0.0162488013973494,0.0366643234864472,0.333333333333333
"dry","dry_base","dry_n54","nodes",54,"invader","k_l",-1.23195243491502,-1.22518412861292,0.00655177801647952,0.00676830630209913,0.344349594113994,0.333333333333333
"dry","dry_base","dry_n54","nodes",54,"invader","k_b",-0.793640353890598,-0.788080565387316,0.00419160150627316,0.00555978850328176,0.442137171592685,0.333333333333333
"dry","dry_base","dry_n54","nodes",54,"invader","k_s",-4.66847266994468,-4.63576803169009,0.0246564794486647,0.0327046382545912,0.442137171592603,0.333333333333333
"dry","dry_base","dry_n54","nodes",54,"invader","k_r",-1.34271077916394,-1.33533397014847,0.00714081381398727,0.00737680901546689,0.344349594113832,0.333333333333333
"dry","dry_base","dry_n54","nodes",54,"invader","a_f3",-0.750000000000002,-0.750000000000003,NA,1.11022302462516e-16,NA,0.333333333333333
"dry","dry_base","dry_n54","nodes",54,"invader","a_f1",0.676980433955856,0.675366841290156,0.00127291503835189,0.00161359266570005,0.422545264762067,0.333333333333333
"dry","dry_base","dry_n54","nodes",54,"invader","a_f2",-0.334954349297426,-0.315187829239784,0.0037105447466109,0.019766520057642,1.77570692961782,0.333333333333333
"dry","dry_base","dry_n54","nodes",54,"invader","S_D",1,1,NA,4.44089209850063e-16,NA,0.333333333333333
"dry","dry_base","dry_n54","nodes",54,"invader","a_d0",-0.00577125235807358,-0.00564622467268352,4.06577172294892e-05,0.000125027685390065,1.02504267258256,0.333333333333333
"dry","dry_base","dry_n54","nodes",54,"invader","d_I",-0.166675271151438,-0.165995062020547,0.000496650144011525,0.000680209130890341,0.456531382699419,0.333333333333333
"dry","dry_base","dry_n54","nodes",54,"invader","a_dG1",-7.13089533697056,-7.06350819755292,0.0373210585036517,0.0673871394176455,0.601868776141062,0.333333333333333
"dry","dry_base","dry_n54","nodes",54,"invader","a_dG2",5.50641391077087,5.45107309865281,0.0500238045054518,0.0553408121180583,0.368763182949743,0.333333333333333
"dry","dry_base","dry_n54","nodes",54,"invader","a_st1",2.86801696014836,2.84150960422147,0.0228273713223395,0.0265073559268907,0.387069767438208,0.333333333333333
"dry","dry_base","dry_n54","nodes",54,"invader","a_st2",0.750063601149589,0.741337592871953,0.0114492275027067,0.00872600827763592,0.254049404223211,0.333333333333333
"dry","dry_base","dry_n54","nodes",54,"invader","a_st3",0.00365633606060103,0.00431365734294747,0.000120867284167558,0.000657321282346441,1.81279074502686,0.333333333333333
"dry","dry_base","dry_n54","nodes",54,"invader","storage_relaxation_offset",2.14308090300044,2.11094910895213,0.0163728971531554,0.0321317940483117,0.65416632840937,0.333333333333333
"dry","dry_base","dry_n54","nodes",54,"invader","k_I",8.85898354809675,8.82778530091176,0.0718059931218581,0.0311982471849959,0.144826570543822,0.333333333333333
"dry","dry_base","dry_n54","nodes",54,"invader","vcmax_25",20.2121693696326,20.1142003707002,0.0898070914112696,0.0979689989323447,0.363627553952274,0.333333333333333
"dry","dry_base","dry_n54","nodes",54,"invader","stem_P50",42.2593749930146,41.8985429143145,0.216822964856134,0.360832078700135,0.554726108678192,0.333333333333333
"dry","dry_base","dry_n54","nodes",54,"invader","K_s",9.11373615467331,9.03928714706063,0.0453144918293449,0.0744490076126798,0.547646787353414,0.333333333333333
"dry","dry_base","dry_n54","nodes",54,"invader","stem_c",-6.34939494761879,-6.21302768528216,0.0696020987051458,0.136367262336632,0.653080222548665,0.333333333333333
"dry","dry_base","dry_n54","nodes",54,"invader","TF24_beta2",11.8382569320095,11.7870206684671,0.0669478234759473,0.0512362635423909,0.255105448204246,0.333333333333333
"dry","dry_base","dry_n54","nodes",54,"invader","TF24_cost_scale",-15.446683644751,-15.3027150652692,0.0782814656176295,0.1439685794818,0.613038170853126,0.333333333333333
"dry","dry_base","dry_n54","nodes",54,"invader","TF24_floor_lambda_o",-0.000129173309945935,-0.000128717907480969,7.24071295789851e-07,4.55402464966174e-07,0.209648998017246,0.333333333333333
"dry","dry_base","dry_n54","nodes",54,"invader","jmax_25",20.7203016320874,20.6677495497437,0.135694034401089,0.0525520823437198,0.129094553482444,0.333333333333333
"dry","dry_base","dry_n54","nodes",54,"invader","a",8.85898354809673,8.82778530091172,0.0718059931218568,0.0311982471850065,0.144826570543874,0.333333333333333
"dry","dry_base","dry_n54","nodes",54,"invader","curv_fact_elec_trans",10.6158168013177,10.5824174764397,0.0777062281503751,0.0333993248780082,0.143271762864682,0.333333333333333
"dry","dry_base","dry_n54","nodes",54,"invader","curv_fact_colim",212.746534843474,211.920252558269,1.16185973887142,0.826282285205565,0.237057382390574,0.333333333333333
"dry","dry_base","dry_n54","nodes",54,"invader","R_d_25",-4.3625463202315,-4.34356597956828,0.0248968244403105,0.0189803406632274,0.254119967638608,0.333333333333333
"dry","dry_base","dry_n54","nodes",54,"invader","root_c",0.184383206213447,0.18488898039699,0.00223308377758971,0.000505774183542529,0.075497120263059,0.333333333333333
"dry","dry_base","dry_n54","nodes",54,"invader","root_P50",1.79570211227971,1.76406776567111,0.0115197897655194,0.0316343466085944,0.915362382256927,0.333333333333333
"dry","dry_base","dry_n54","nodes",54,"invader","rooting_depth_max",0.667001825084585,0.653401716378597,0.00640993799840723,0.0136001087059876,0.707240782951256,0.333333333333333
"dry","dry_base","dry_n54","nodes",54,"invader","D_c",16.9713091037502,16.8368743090697,0.0854537218083385,0.134434794680445,0.524396097425943,0.333333333333333
"dry","dry_base","dry_n54","nodes",54,"invader","L_tip",-3.4946011622189,-3.46610437542575,0.0174299078823671,0.0284967867931529,0.544978722501484,0.333333333333333
"dry","dry_base","dry_n54","nodes",54,"invader","recruitment_decay",-1.35044143204215,-1.30492692181361,0.0313080603292074,0.0455145102285377,0.484587778673692,0.333333333333333
"dry","dry_base","dry_tol","tolerance",108,"resident","ln J",0.173640028285468,0.17361980901093,0.0252373006179605,2.02192745375196e-05,0.000801166291260574,0.166666666666667
"dry","dry_base","dry_tol","tolerance",108,"resident","lma",-13.1269252064595,-13.1072491968286,0.0865187830441221,0.0196760096309863,0.227418936544127,0.166666666666667
"dry","dry_base","dry_tol","tolerance",108,"resident","rho",-11.0200708989362,-11.0140208215763,0.067304081071671,0.00605007735994256,0.0898916865605807,0.166666666666667
"dry","dry_base","dry_tol","tolerance",108,"resident","hmat",-17.1517813778363,-17.1529947066787,0.0823821739925302,0.00121332884243941,0.0147280507861983,0.166666666666667
"dry","dry_base","dry_tol","tolerance",108,"resident","omega",-0.291515087986126,-0.292576194408715,0.00163621838907992,0.00106110642258878,0.648511488240551,0.166666666666667
"dry","dry_base","dry_tol","tolerance",108,"resident","theta",-6.52687370355306,-6.52283469445349,0.052136021104462,0.00403900909956256,0.077470605044252,0.166666666666667
"dry","dry_base","dry_tol","tolerance",108,"resident","a_l1",3.28657894837147,3.29516874375033,0.0155928426200379,0.0085897953788634,0.550880656476639,0.166666666666667
"dry","dry_base","dry_tol","tolerance",108,"resident","a_l2",4.14807050629931,4.14277945625046,0.0484017955046249,0.00529105004884833,0.109315160598593,0.166666666666667
"dry","dry_base","dry_tol","tolerance",108,"resident","a_r1",3.98203275973511,3.97630282289572,0.0282484728355013,0.0057299368393835,0.202840587976225,0.166666666666667
"dry","dry_base","dry_tol","tolerance",108,"resident","a_b1",-1.90090491869283,-1.89990208631382,0.0093530811969132,0.00100283237901277,0.10721946681525,0.166666666666667
"dry","dry_base","dry_tol","tolerance",108,"resident","r_s",-1.90590907915954,-1.90580019075814,0.00814448762245535,0.000108888401395557,0.01336958277097,0.166666666666667
"dry","dry_base","dry_tol","tolerance",108,"resident","r_b",-0.648009086914238,-0.647972064857767,0.00276912579163486,3.70220564711587e-05,0.013369582769767,0.166666666666667
"dry","dry_base","dry_tol","tolerance",108,"resident","r_r",-2.07215881540521,-2.07023135734354,0.0112957691468244,0.00192745806166705,0.170635397785986,0.166666666666667
"dry","dry_base","dry_tol","tolerance",108,"resident","r_l",-12.5656965593237,-12.5540083368988,0.0684982282477256,0.0116882224248247,0.170635397788012,0.166666666666667
"dry","dry_base","dry_tol","tolerance",108,"resident","a_y",10.7281210815164,10.7131448783295,0.0846037032400881,0.0149762031868939,0.177015929721119,0.166666666666667
"dry","dry_base","dry_tol","tolerance",108,"resident","a_bio",10.7281210815164,10.7131448783294,0.0846037032400873,0.0149762031869667,0.177015929721982,0.166666666666667
"dry","dry_base","dry_tol","tolerance",108,"resident","k_l",-0.510870287225759,-0.510395091480016,0.00278486030393652,0.000475195745742729,0.170635397786747,0.166666666666667
"dry","dry_base","dry_tol","tolerance",108,"resident","k_b",-0.572610920654736,-0.572578206246453,0.00244692813878182,3.27144082826747e-05,0.0133695827695869,0.166666666666667
"dry","dry_base","dry_tol","tolerance",108,"resident","k_s",-3.36829953326315,-3.36810709556739,0.0143936949340114,0.000192437695758052,0.0133695827680309,0.166666666666667
"dry","dry_base","dry_tol","tolerance",108,"resident","k_r",-0.556799939650205,-0.556282021561859,0.00303523240231202,0.00051791808834567,0.170635397787384,0.166666666666667
"dry","dry_base","dry_tol","tolerance",108,"resident","a_f3",-0.750000000000002,-0.750000000000001,NA,1.11022302462516e-15,NA,0.166666666666667
"dry","dry_base","dry_tol","tolerance",108,"resident","a_f1",0.680899270673711,0.680940400144749,0.00121037238280252,4.11294710378485e-05,0.0339808406257721,0.166666666666667
"dry","dry_base","dry_tol","tolerance",108,"resident","a_f2",-0.337082513678465,-0.337107308846608,0.00378960082273098,2.47951681429104e-05,0.0065429498521804,0.166666666666667
"dry","dry_base","dry_tol","tolerance",108,"resident","S_D",1,1,NA,0,NA,0.166666666666667
"dry","dry_base","dry_tol","tolerance",108,"resident","a_d0",0.0197757142929338,0.019787543316526,0.000214789565613506,1.18290235921921e-05,0.0550726175100951,0.166666666666667
"dry","dry_base","dry_tol","tolerance",108,"resident","d_I",0.0108110566219459,0.0109607189202319,0.000473163899993009,0.000149662298285943,0.316301176586283,0.166666666666667
"dry","dry_base","dry_tol","tolerance",108,"resident","a_dG1",0.77243788521979,0.773536004208056,0.0365917805597071,0.00109811898826673,0.0300099905353039,0.166666666666667
"dry","dry_base","dry_tol","tolerance",108,"resident","a_dG2",1.18495882130391,1.18261543634252,0.0189878027926389,0.00234338496139186,0.123415278059467,0.166666666666667
"dry","dry_base","dry_tol","tolerance",108,"resident","a_st1",0.156718579966682,0.155975699354826,0.0205905072541103,0.000742880611856261,0.0360787911967524,0.166666666666667
"dry","dry_base","dry_tol","tolerance",108,"resident","a_st2",0.0360858106728902,0.0357761006805558,0.00451817346276503,0.000309709992334394,0.0685476099770763,0.166666666666667
"dry","dry_base","dry_tol","tolerance",108,"resident","a_st3",-0.00482575660856192,-0.00483642513931395,5.5834829722968e-05,1.06685307520362e-05,0.191073041772842,0.166666666666667
"dry","dry_base","dry_tol","tolerance",108,"resident","storage_relaxation_offset",-0.451338026644279,-0.452289724969188,0.0102229074454081,0.000951698324908323,0.0930946827006445,0.166666666666667
"dry","dry_base","dry_tol","tolerance",108,"resident","k_I",2.23962917722483,2.23370540915998,0.0293274630210281,0.0059237680648434,0.20198706109001,0.166666666666667
"dry","dry_base","dry_tol","tolerance",108,"resident","vcmax_25",11.0300273010802,11.0233604417626,0.0510500456143165,0.00666685931757982,0.13059458101072,0.166666666666667
"dry","dry_base","dry_tol","tolerance",108,"resident","stem_P50",13.2918906308628,13.2791570177977,0.0670692512618307,0.0127336130650555,0.189857689261282,0.166666666666667
"dry","dry_base","dry_tol","tolerance",108,"resident","K_s",4.49319719538319,4.49118612712279,0.0198311391066108,0.00201106826039865,0.101409618962748,0.166666666666667
"dry","dry_base","dry_tol","tolerance",108,"resident","stem_c",2.38124416659894,2.38158668543533,0.0166223969748096,0.000342518836390582,0.0206058630960175,0.166666666666667
"dry","dry_base","dry_tol","tolerance",108,"resident","TF24_beta2",5.61655208781833,5.61179651822419,0.0326731025545285,0.00475556959414902,0.145549985227525,0.166666666666667
"dry","dry_base","dry_tol","tolerance",108,"resident","TF24_cost_scale",-3.34326712396574,-3.33868028538473,0.0196115012110622,0.00458683858100972,0.233885133608356,0.166666666666667
"dry","dry_base","dry_tol","tolerance",108,"resident","TF24_floor_lambda_o",-3.30907002787304e-05,-3.29933556204557e-05,4.04248218662552e-07,9.73446582747215e-08,0.240804173724709,0.166666666666667
"dry","dry_base","dry_tol","tolerance",108,"resident","jmax_25",6.40695368793659,6.39213626203382,0.0693568867216854,0.0148174259027662,0.213640297353967,0.166666666666667
"dry","dry_base","dry_tol","tolerance",108,"resident","a",1.6237364571559,1.61725939078483,0.035416347525355,0.0064770663710727,0.1828835219791,0.166666666666667
"dry","dry_base","dry_tol","tolerance",108,"resident","curv_fact_elec_trans",2.52502045636734,2.51734796550703,0.0390362431143479,0.00767249086031008,0.196547880845891,0.166666666666667
"dry","dry_base","dry_tol","tolerance",108,"resident","curv_fact_colim",93.4562238621043,93.347116189809,0.598065496775702,0.109107672295295,0.182434320126336,0.166666666666667
"dry","dry_base","dry_tol","tolerance",108,"resident","R_d_25",-1.68706159580877,-1.68486561984938,0.0118378365536557,0.00219597595938881,0.185504838610959,0.166666666666667
"dry","dry_base","dry_tol","tolerance",108,"resident","root_c",0.527899910892952,0.527378427738713,0.00320317290520615,0.00052148315423961,0.162802062102873,0.166666666666667
"dry","dry_base","dry_tol","tolerance",108,"resident","root_P50",-1.3168763220781,-1.31636824681854,0.0107532495844038,0.000508075259560758,0.0472485322295184,0.166666666666667
"dry","dry_base","dry_tol","tolerance",108,"resident","rooting_depth_max",0.0322955316452983,0.0323580583902662,0.00538891110015255,6.25267449678515e-05,0.0116028533048321,0.166666666666667
"dry","dry_base","dry_tol","tolerance",108,"resident","D_c",9.53579888437754,9.5330328026609,0.041621318781194,0.00276608171664527,0.0664582910307755,0.166666666666667
"dry","dry_base","dry_tol","tolerance",108,"resident","L_tip",-1.77498505320192,-1.77423479872356,0.0077914604431711,0.00075025447835908,0.0962918933916488,0.166666666666667
"dry","dry_base","dry_tol","tolerance",108,"resident","recruitment_decay",11.3236631118021,11.3272358054033,0.0678554143719225,0.00357269360115708,0.0526515626531257,0.166666666666667
"dry","dry_base","dry_tol","tolerance",108,"invader","ln J",0.173640028285468,0.17361980901093,0.0252373006179605,2.02192745375196e-05,0.000801166291260574,0.166666666666667
"dry","dry_base","dry_tol","tolerance",108,"invader","lma",-35.3953463899777,-35.3967467398614,0.197819614061448,0.00140034988373117,0.00707892334324432,0.166666666666667
"dry","dry_base","dry_tol","tolerance",108,"invader","rho",-15.541961718279,-15.5423189333581,0.107345694889346,0.00035721507908093,0.00332770754755609,0.166666666666667
"dry","dry_base","dry_tol","tolerance",108,"invader","hmat",-17.051501775517,-17.0526815266664,0.0817500420917349,0.00117975114942936,0.0144311992904605,0.166666666666667
"dry","dry_base","dry_tol","tolerance",108,"invader","omega",0.0642555870374742,0.064240636412726,0.00423067333366896,1.49506247482389e-05,0.00353386413204192,0.166666666666667
"dry","dry_base","dry_tol","tolerance",108,"invader","theta",-6.42822556360574,-6.4273771127389,0.0853095809423807,0.000848450866834938,0.00994555192350544,0.166666666666667
"dry","dry_base","dry_tol","tolerance",108,"invader","a_l1",-2.17425699627504,-2.17430621416325,0.0131433109672616,4.92178882121053e-05,0.00374471001520858,0.166666666666667
"dry","dry_base","dry_tol","tolerance",108,"invader","a_l2",5.42020285616579,5.41924333516851,0.0671005775963974,0.000959520997280805,0.0142997427392089,0.166666666666667
"dry","dry_base","dry_tol","tolerance",108,"invader","a_r1",12.512427216005,12.5133445488462,0.0604501754367512,0.000917332841238405,0.0151750236390663,0.166666666666667
"dry","dry_base","dry_tol","tolerance",108,"invader","a_b1",-3.05877571624899,-3.0588961023511,0.0174329522695687,0.000120386102108405,0.00690566349559469,0.166666666666667
"dry","dry_base","dry_tol","tolerance",108,"invader","r_s",-2.64159536869803,-2.64199444175223,0.01395155257935,0.000399073054198507,0.0286042038639616,0.166666666666667
"dry","dry_base","dry_tol","tolerance",108,"invader","r_b",-0.89814242535733,-0.898278110195759,0.00474352787697887,0.000135684838428074,0.028604203864085,0.166666666666667
"dry","dry_base","dry_tol","tolerance",108,"invader","r_r",-4.99696530019756,-4.99723707847799,0.0265748956494436,0.000271778280430013,0.0102268804369022,0.166666666666667
"dry","dry_base","dry_tol","tolerance",108,"invader","r_l",-30.3019002274075,-30.3035483073607,0.161151776757663,0.0016480799532097,0.0102268804376141,0.166666666666667
"dry","dry_base","dry_tol","tolerance",108,"invader","a_y",19.9541765121005,19.9537688721524,0.147725816745313,0.000407639948118543,0.00275943607623667,0.166666666666667
"dry","dry_base","dry_tol","tolerance",108,"invader","a_bio",19.9541765121005,19.9537688721524,0.147725816745314,0.000407639948118543,0.00275943607623665,0.166666666666667
"dry","dry_base","dry_tol","tolerance",108,"invader","k_l",-1.23195243491502,-1.23201943916545,0.00655177801647952,6.70042504271606e-05,0.0102268804374365,0.166666666666667
"dry","dry_base","dry_tol","tolerance",108,"invader","k_b",-0.793640353890598,-0.793760251314602,0.00419160150627316,0.00011989742400409,0.0286042038644778,0.166666666666667
"dry","dry_base","dry_tol","tolerance",108,"invader","k_s",-4.66847266994468,-4.66917794890943,0.0246564794486647,0.000705278964747258,0.0286042038651813,0.166666666666667
"dry","dry_base","dry_tol","tolerance",108,"invader","k_r",-1.34271077916394,-1.34278380741304,0.00714081381398727,7.30282491010481e-05,0.0102268804373532,0.166666666666667
"dry","dry_base","dry_tol","tolerance",108,"invader","a_f3",-0.750000000000002,-0.750000000000001,NA,1.11022302462516e-15,NA,0.166666666666667
"dry","dry_base","dry_tol","tolerance",108,"invader","a_f1",0.676980433955856,0.677018374482897,0.00127291503835189,3.79405270406474e-05,0.0298060168177218,0.166666666666667
"dry","dry_base","dry_tol","tolerance",108,"invader","a_f2",-0.334954349297426,-0.3349832641834,0.0037105447466109,2.8914885974396e-05,0.00779262559784677,0.166666666666667
"dry","dry_base","dry_tol","tolerance",108,"invader","S_D",1,1,NA,0,NA,0.166666666666667
"dry","dry_base","dry_tol","tolerance",108,"invader","a_d0",-0.00577125235807358,-0.00576964450265828,4.06577172294892e-05,1.60785541529831e-06,0.0395461310880516,0.166666666666667
"dry","dry_base","dry_tol","tolerance",108,"invader","d_I",-0.166675271151438,-0.166675493223989,0.000496650144011525,2.2207255137574e-07,0.000447140817441477,0.166666666666667
"dry","dry_base","dry_tol","tolerance",108,"invader","a_dG1",-7.13089533697056,-7.13092630404052,0.0373210585036517,3.09670699563114e-05,0.00082974790099486,0.166666666666667
"dry","dry_base","dry_tol","tolerance",108,"invader","a_dG2",5.50641391077087,5.50643564953423,0.0500238045054518,2.17387633609789e-05,0.000434568373515248,0.166666666666667
"dry","dry_base","dry_tol","tolerance",108,"invader","a_st1",2.86801696014836,2.86808921165894,0.0228273713223395,7.22515105846533e-05,0.00316512617963795,0.166666666666667
"dry","dry_base","dry_tol","tolerance",108,"invader","a_st2",0.750063601149589,0.750107354619439,0.0114492275027067,4.3753469850083e-05,0.00382152156900885,0.166666666666667
"dry","dry_base","dry_tol","tolerance",108,"invader","a_st3",0.00365633606060103,0.00365609533805959,0.000120867284167558,2.40722541433244e-07,0.00199162695754404,0.166666666666667
"dry","dry_base","dry_tol","tolerance",108,"invader","storage_relaxation_offset",2.14308090300044,2.14308571379019,0.0163728971531554,4.81078974390314e-06,0.000293826419289271,0.166666666666667
"dry","dry_base","dry_tol","tolerance",108,"invader","k_I",8.85898354809675,8.85876022994331,0.0718059931218581,0.000223318153439678,0.00311002109615971,0.166666666666667
"dry","dry_base","dry_tol","tolerance",108,"invader","vcmax_25",20.2121693696326,20.2137226643936,0.0898070914112696,0.00155329476099197,0.0172959032141314,0.166666666666667
"dry","dry_base","dry_tol","tolerance",108,"invader","stem_P50",42.2593749930146,42.2636636732928,0.216822964856134,0.00428868027819362,0.019779640413271,0.166666666666667
"dry","dry_base","dry_tol","tolerance",108,"invader","K_s",9.11373615467331,9.1149418206192,0.0453144918293449,0.00120566594589455,0.0266066306212836,0.166666666666667
"dry","dry_base","dry_tol","tolerance",108,"invader","stem_c",-6.34939494761879,-6.34983035566824,0.0696020987051458,0.000435408049452413,0.00625567414708175,0.166666666666667
"dry","dry_base","dry_tol","tolerance",108,"invader","TF24_beta2",11.8382569320095,11.8391791986354,0.0669478234759473,0.000922266625829948,0.0137759015595376,0.166666666666667
"dry","dry_base","dry_tol","tolerance",108,"invader","TF24_cost_scale",-15.446683644751,-15.4479235249465,0.0782814656176295,0.00123988019556975,0.0158387452992516,0.166666666666667
"dry","dry_base","dry_tol","tolerance",108,"invader","TF24_floor_lambda_o",-0.000129173309945935,-0.000129176571034392,7.24071295789851e-07,3.2610884564846e-09,0.00450382231065693,0.166666666666667
"dry","dry_base","dry_tol","tolerance",108,"invader","jmax_25",20.7203016320874,20.7199934542418,0.135694034401089,0.000308177845656843,0.00227112302332998,0.166666666666667
"dry","dry_base","dry_tol","tolerance",108,"invader","a",8.85898354809673,8.85876022994328,0.0718059931218568,0.00022331815344856,0.00311002109628346,0.166666666666667
"dry","dry_base","dry_tol","tolerance",108,"invader","curv_fact_elec_trans",10.6158168013177,10.6155929390506,0.0777062281503751,0.000223862267178632,0.00288087933885324,0.166666666666667
"dry","dry_base","dry_tol","tolerance",108,"invader","curv_fact_colim",212.746534843474,212.751398087122,1.16185973887142,0.00486324364831603,0.00418574074443785,0.166666666666667
"dry","dry_base","dry_tol","tolerance",108,"invader","R_d_25",-4.3625463202315,-4.3626799849375,0.0248968244403105,0.00013366470599685,0.00536874517138953,0.166666666666667
"dry","dry_base","dry_tol","tolerance",108,"invader","root_c",0.184383206213447,0.184518849403634,0.00223308377758971,0.000135643190186358,0.0607425442554442,0.166666666666667
"dry","dry_base","dry_tol","tolerance",108,"invader","root_P50",1.79570211227971,1.79550600657817,0.0115197897655194,0.000196105701534055,0.0170233750377139,0.166666666666667
"dry","dry_base","dry_tol","tolerance",108,"invader","rooting_depth_max",0.667001825084585,0.667103443834492,0.00640993799840723,0.000101618749906662,0.0158533124551147,0.166666666666667
"dry","dry_base","dry_tol","tolerance",108,"invader","D_c",16.9713091037502,16.9739395660993,0.0854537218083385,0.00263046234914555,0.0307823029059557,0.166666666666667
"dry","dry_base","dry_tol","tolerance",108,"invader","L_tip",-3.4946011622189,-3.4950790463617,0.0174299078823671,0.000477884142797258,0.0274174795427753,0.166666666666667
"dry","dry_base","dry_tol","tolerance",108,"invader","recruitment_decay",-1.35044143204215,-1.35046369156511,0.0313080603292074,2.22595229626421e-05,0.00071098377633686,0.166666666666667
"episodic","epi_base","epi_n215","nodes",215,"resident","ln J",0.682567983665876,0.68602578963868,0.0252373006179605,0.00345780597280465,0.183251837903596,0.333333333333333
"episodic","epi_base","epi_n215","nodes",215,"resident","lma",-8.66287484290465,-8.67477501045749,0.0865187830441221,0.0119001675528434,0.183964190580442,0.333333333333333
"episodic","epi_base","epi_n215","nodes",215,"resident","rho",-7.24393373218145,-7.25104229801119,0.067304081071671,0.00710856582974806,0.141263905967068,0.333333333333333
"episodic","epi_base","epi_n215","nodes",215,"resident","hmat",-11.9782133213987,-11.9809184932923,0.0823821739925302,0.00270517189360753,0.0439189792575544,0.333333333333333
"episodic","epi_base","epi_n215","nodes",215,"resident","omega",-0.394265732866706,-0.395664005233852,0.00163621838907992,0.00139827236714568,1.14298656519837,0.333333333333333
"episodic","epi_base","epi_n215","nodes",215,"resident","theta",-4.0316954139754,-4.0391938777995,0.052136021104462,0.00749846382410002,0.192364548103354,0.333333333333333
"episodic","epi_base","epi_n215","nodes",215,"resident","a_l1",2.72535722870523,2.71864708940138,0.0155928426200379,0.00671013930385023,0.575568291862216,0.333333333333333
"episodic","epi_base","epi_n215","nodes",215,"resident","a_l2",1.97494748848455,1.9835527107634,0.0484017955046249,0.0086052222788513,0.237788715171146,0.333333333333333
"episodic","epi_base","epi_n215","nodes",215,"resident","a_r1",2.84371411333958,2.84611187043127,0.0282484728355013,0.00239775709169132,0.113527436116394,0.333333333333333
"episodic","epi_base","epi_n215","nodes",215,"resident","a_b1",-1.33426158397332,-1.33517483824121,0.0093530811969132,0.000913254267892905,0.130595323546343,0.333333333333333
"episodic","epi_base","epi_n215","nodes",215,"resident","r_s",-1.43824581341065,-1.43817632753966,0.00814448762245535,6.94858709908708e-05,0.0114109908695456,0.333333333333333
"episodic","epi_base","epi_n215","nodes",215,"resident","r_b",-0.48900357655962,-0.488979951363484,0.00276912579163486,2.36251961356904e-05,0.011410990868963,0.333333333333333
"episodic","epi_base","epi_n215","nodes",215,"resident","r_r",-1.50308507423008,-1.50420248111818,0.0112957691468244,0.00111740688810236,0.132308015642844,0.333333333333333
"episodic","epi_base","epi_n215","nodes",215,"resident","r_l",-9.11479892622514,-9.12157494927172,0.0684982282477256,0.00677602304657654,0.132308015644355,0.333333333333333
"episodic","epi_base","epi_n215","nodes",215,"resident","a_y",6.32148019999028,6.33530485849999,0.0846037032400881,0.0138246585097059,0.218552439740556,0.333333333333333
"episodic","epi_base","epi_n215","nodes",215,"resident","a_bio",6.32148019999029,6.33530485850002,0.0846037032400873,0.0138246585097246,0.218552439740853,0.333333333333333
"episodic","epi_base","epi_n215","nodes",215,"resident","k_l",-0.370570777629564,-0.370846263260122,0.00278486030393652,0.000275485630558236,0.132308015644192,0.333333333333333
"episodic","epi_base","epi_n215","nodes",215,"resident","k_b",-0.432106268001026,-0.432085391680638,0.00244692813878182,2.0876320388219e-05,0.0114109908714876,0.333333333333333
"episodic","epi_base","epi_n215","nodes",215,"resident","k_s",-2.54180157647662,-2.541678774592,0.0143936949340114,0.000122801884613111,0.011410990869306,0.333333333333333
"episodic","epi_base","epi_n215","nodes",215,"resident","k_r",-0.403886841297326,-0.404187094387601,0.00303523240231202,0.000300253090274316,0.132308015643795,0.333333333333333
"episodic","epi_base","epi_n215","nodes",215,"resident","a_f3",-0.749999999999999,-0.749999999999998,NA,9.99200722162641e-16,NA,0.333333333333333
"episodic","epi_base","epi_n215","nodes",215,"resident","a_f1",0.609937930738751,0.609982639576917,0.00121037238280252,4.47088381654304e-05,0.0494043282040952,0.333333333333333
"episodic","epi_base","epi_n215","nodes",215,"resident","a_f2",-0.108474585118503,-0.108209665904966,0.00378960082273098,0.000264919213537357,0.0934997847145363,0.333333333333333
"episodic","epi_base","epi_n215","nodes",215,"resident","S_D",1,1,NA,2.22044604925031e-16,NA,0.333333333333333
"episodic","epi_base","epi_n215","nodes",215,"resident","a_d0",0.0122437219214046,0.0118023419995131,0.000214789565613506,0.000441379921891517,2.74846375156829,0.333333333333333
"episodic","epi_base","epi_n215","nodes",215,"resident","d_I",-0.00934633547603157,-0.00944168431969346,0.000473163899993009,9.53488436618907e-05,0.269522140817492,0.333333333333333
"episodic","epi_base","epi_n215","nodes",215,"resident","a_dG1",-0.0455487077960595,-0.0464584269449883,0.0365917805597071,0.00090971914892881,0.0332517428603374,0.333333333333333
"episodic","epi_base","epi_n215","nodes",215,"resident","a_dG2",1.27191712170968,1.2744705557194,0.0189878027926389,0.00255343400972419,0.179862466981835,0.333333333333333
"episodic","epi_base","epi_n215","nodes",215,"resident","a_st1",0.500679591165464,0.499925849403396,0.0205905072541103,0.000753741762067661,0.0489605347637969,0.333333333333333
"episodic","epi_base","epi_n215","nodes",215,"resident","a_st2",0.144467979883473,0.143947671520382,0.00451817346276503,0.000520308363090499,0.154024045419966,0.333333333333333
"episodic","epi_base","epi_n215","nodes",215,"resident","a_st3",-0.00656654805254025,-0.00358187749673771,5.5834829722968e-05,0.00298467055580255,71.4960131850056,0.333333333333333
"episodic","epi_base","epi_n215","nodes",215,"resident","storage_relaxation_offset",-0.132569602203695,-0.126891287379015,0.0102229074454081,0.00567831482467981,0.742909066513351,0.333333333333333
"episodic","epi_base","epi_n215","nodes",215,"resident","k_I",1.37396563556641,1.3796943264616,0.0293274630210281,0.00572869089519301,0.261259152358271,0.333333333333333
"episodic","epi_base","epi_n215","nodes",215,"resident","vcmax_25",7.82647231546943,7.82752530651563,0.0510500456143165,0.00105299104620471,0.0275879330671095,0.333333333333333
"episodic","epi_base","epi_n215","nodes",215,"resident","stem_P50",9.41654181001108,9.41779149011069,0.0670692512618307,0.00124968009961357,0.0249210315939558,0.333333333333333
"episodic","epi_base","epi_n215","nodes",215,"resident","K_s",3.21223831820605,3.21184842021166,0.0198311391066108,0.000389897994393706,0.0262962584857423,0.333333333333333
"episodic","epi_base","epi_n215","nodes",215,"resident","stem_c",1.39640265362926,1.39896759592459,0.0166223969748096,0.00256494229533311,0.206383307874734,0.333333333333333
"episodic","epi_base","epi_n215","nodes",215,"resident","TF24_beta2",3.87064978845347,3.87323163195128,0.0326731025545285,0.0025818434978131,0.105689089671728,0.333333333333333
"episodic","epi_base","epi_n215","nodes",215,"resident","TF24_cost_scale",-2.98859029668859,-2.98768306771642,0.0196115012110622,0.000907228972177432,0.0618723614182726,0.333333333333333
"episodic","epi_base","epi_n215","nodes",215,"resident","TF24_floor_lambda_o",-1.92552679983413e-05,-1.93131117694632e-05,4.04248218662552e-07,5.78437711218975e-08,0.191381125357255,0.333333333333333
"episodic","epi_base","epi_n215","nodes",215,"resident","jmax_25",3.95420004828514,3.9676269885537,0.0693568867216854,0.0134269402685634,0.258927445267219,0.333333333333333
"episodic","epi_base","epi_n215","nodes",215,"resident","a",0.971703857273419,0.978635474958914,0.035416347525355,0.006931617685495,0.261770950776107,0.333333333333333
"episodic","epi_base","epi_n215","nodes",215,"resident","curv_fact_elec_trans",1.53786819679395,1.54558227242608,0.0390362431143479,0.00771407563213877,0.264305681188957,0.333333333333333
"episodic","epi_base","epi_n215","nodes",215,"resident","curv_fact_colim",63.885231626331,63.9661191029219,0.598065496775702,0.0808874765909096,0.180893582107125,0.333333333333333
"episodic","epi_base","epi_n215","nodes",215,"resident","R_d_25",-1.16140008233065,-1.16302040441112,0.0118378365536557,0.0016203220804718,0.183071032431328,0.333333333333333
"episodic","epi_base","epi_n215","nodes",215,"resident","root_c",0.369077292889425,0.367409301725501,0.00320317290520615,0.00166799116392402,0.696472516240862,0.333333333333333
"episodic","epi_base","epi_n215","nodes",215,"resident","root_P50",-0.819525370501926,-0.815974351178548,0.0107532495844038,0.00355101932337842,0.441676130626356,0.333333333333333
"episodic","epi_base","epi_n215","nodes",215,"resident","rooting_depth_max",0.231884098870166,0.232849934038269,0.00538891110015255,0.000965835168103085,0.239713567661221,0.333333333333333
"episodic","epi_base","epi_n215","nodes",215,"resident","D_c",6.83288901863113,6.83185899097006,0.041621318781194,0.00103002766106997,0.033099670516224,0.333333333333333
"episodic","epi_base","epi_n215","nodes",215,"resident","L_tip",-1.26855814294275,-1.26834996035878,0.0077914604431711,0.000208182583969263,0.0357368397254343,0.333333333333333
"episodic","epi_base","epi_n215","nodes",215,"resident","recruitment_decay",10.1845757029483,10.170309011906,0.0678554143719225,0.0142666910422751,0.281209099178607,0.333333333333333
"episodic","epi_base","epi_n215","nodes",215,"invader","ln J",0.682567983665876,0.68602578963868,0.0252373006179605,0.00345780597280465,0.183251837903596,0.333333333333333
"episodic","epi_base","epi_n215","nodes",215,"invader","lma",-26.2837441355689,-26.2831044905659,0.197819614061448,0.000639645002912914,0.00432474276680059,0.333333333333333
"episodic","epi_base","epi_n215","nodes",215,"invader","rho",-11.153001273443,-11.160715958949,0.107345694889346,0.00771468550594179,0.0961223134126403,0.333333333333333
"episodic","epi_base","epi_n215","nodes",215,"invader","hmat",-11.8231596389768,-11.8251423365215,0.0817500420917349,0.00198269754474545,0.0324383760120983,0.333333333333333
"episodic","epi_base","epi_n215","nodes",215,"invader","omega",-0.0561957000557251,-0.0549424322341027,0.00423067333366896,0.00125326782162241,0.396209619752621,0.333333333333333
"episodic","epi_base","epi_n215","nodes",215,"invader","theta",-4.41411541087941,-4.42371883827347,0.0853095809423807,0.00960342739405373,0.150563280429957,0.333333333333333
"episodic","epi_base","epi_n215","nodes",215,"invader","a_l1",-2.50824803760458,-2.50928497580491,0.0131433109672616,0.00103693820032724,0.105520954372582,0.333333333333333
"episodic","epi_base","epi_n215","nodes",215,"invader","a_l2",3.09856113743774,3.10811829479142,0.0671005775963974,0.0095571573536759,0.190499174366474,0.333333333333333
"episodic","epi_base","epi_n215","nodes",215,"invader","a_r1",9.36595782520333,9.36234252358064,0.0604501754367512,0.00361530162268942,0.0799903487583427,0.333333333333333
"episodic","epi_base","epi_n215","nodes",215,"invader","a_b1",-2.27610411033742,-2.27719527724487,0.0174329522695687,0.00109116690744981,0.0837164618205959,0.333333333333333
"episodic","epi_base","epi_n215","nodes",215,"invader","r_s",-1.95995562219059,-1.9601897523552,0.01395155257935,0.000234130164612711,0.0224453018420161,0.333333333333333
"episodic","epi_base","epi_n215","nodes",215,"invader","r_b",-0.666384911544795,-0.666464515800772,0.00474352787697887,7.96042559778609e-05,0.0224453018447064,0.333333333333333
"episodic","epi_base","epi_n215","nodes",215,"invader","r_r",-3.73314116172973,-3.73266220523235,0.0265748956494436,0.000478956497385497,0.0241054432171328,0.333333333333333
"episodic","epi_base","epi_n215","nodes",215,"invader","r_l",-22.6379941067612,-22.6350896855525,0.161151776757663,0.00290442120872214,0.0241054432172958,0.333333333333333
"episodic","epi_base","epi_n215","nodes",215,"invader","a_y",14.546388768216,14.5564262683732,0.147725816745313,0.0100375001572193,0.0908782143597826,0.333333333333333
"episodic","epi_base","epi_n215","nodes",215,"invader","a_bio",14.5463887682161,14.5564262683734,0.147725816745314,0.0100375001572512,0.0908782143600715,0.333333333333333
"episodic","epi_base","epi_n215","nodes",215,"invader","k_l",-0.920369077586465,-0.920250995593154,0.00655177801647952,0.000118081993310648,0.0241054432162758,0.333333333333333
"episodic","epi_base","epi_n215","nodes",215,"invader","k_b",-0.588848652612477,-0.588918994629624,0.00419160150627316,7.03420171473956e-05,0.0224453018446418,0.333333333333333
"episodic","epi_base","epi_n215","nodes",215,"invader","k_s",-3.46381560360281,-3.46422938017426,0.0246564794486647,0.000413776571448921,0.0224453018442984,0.333333333333333
"episodic","epi_base","epi_n215","nodes",215,"invader","k_r",-1.00311460593831,-1.00298590781592,0.00714081381398727,0.000128698122389137,0.0241054432167192,0.333333333333333
"episodic","epi_base","epi_n215","nodes",215,"invader","a_f3",-0.749999999999999,-0.749999999999998,NA,9.99200722162641e-16,NA,0.333333333333333
"episodic","epi_base","epi_n215","nodes",215,"invader","a_f1",0.602397358390475,0.602411191404643,0.00127291503835189,1.38330141679077e-05,0.0145347653284159,0.333333333333333
"episodic","epi_base","epi_n215","nodes",215,"invader","a_f2",-0.106824839127828,-0.106557701724989,0.0037105447466109,0.000267137402838791,0.0962914321232771,0.333333333333333
"episodic","epi_base","epi_n215","nodes",215,"invader","S_D",1,1,NA,2.22044604925031e-16,NA,0.333333333333333
"episodic","epi_base","epi_n215","nodes",215,"invader","a_d0",-0.00716241117581511,-0.00682432884403651,4.06577172294892e-05,0.000338082331778598,11.1216725403404,0.333333333333333
"episodic","epi_base","epi_n215","nodes",215,"invader","d_I",-0.163435322964042,-0.163436462301297,0.000496650144011525,1.13933725467974e-06,0.00306826137169175,0.333333333333333
"episodic","epi_base","epi_n215","nodes",215,"invader","a_dG1",-7.50777371164804,-7.50083403404082,0.0373210585036517,0.00693967760722103,0.248700101322735,0.333333333333333
"episodic","epi_base","epi_n215","nodes",215,"invader","a_dG2",4.24984640427141,4.25023969340285,0.0500238045054518,0.00039328913143688,0.0105154011753835,0.333333333333333
"episodic","epi_base","epi_n215","nodes",215,"invader","a_st1",2.551994922571,2.55155590267528,0.0228273713223395,0.000439019895725146,0.0257228401405171,0.333333333333333
"episodic","epi_base","epi_n215","nodes",215,"invader","a_st2",0.615755738599475,0.615684861427744,0.0114492275027067,7.08771717315981e-05,0.0082798184444102,0.333333333333333
"episodic","epi_base","epi_n215","nodes",215,"invader","a_st3",0.00358779369898339,0.0025903943830591,0.000120867284167558,0.00099739931592429,11.0369969366858,0.333333333333333
"episodic","epi_base","epi_n215","nodes",215,"invader","storage_relaxation_offset",1.8543654129979,1.85363970568032,0.0163728971531554,0.000725707317579483,0.0592825106884051,0.333333333333333
"episodic","epi_base","epi_n215","nodes",215,"invader","k_I",6.55078681370018,6.55242973212966,0.0718059931218581,0.00164291842948661,0.0306017264053184,0.333333333333333
"episodic","epi_base","epi_n215","nodes",215,"invader","vcmax_25",15.0768344445069,15.0732132528381,0.0898070914112696,0.00362119166880781,0.0539301342326514,0.333333333333333
"episodic","epi_base","epi_n215","nodes",215,"invader","stem_P50",31.7977881225913,31.7796761301387,0.216822964856134,0.0181119924526136,0.111725310331568,0.333333333333333
"episodic","epi_base","epi_n215","nodes",215,"invader","K_s",6.73888586256362,6.73699712067551,0.0453144918293449,0.00188874188810928,0.0557475926387624,0.333333333333333
"episodic","epi_base","epi_n215","nodes",215,"invader","stem_c",-5.44835488940089,-5.43144521503742,0.0696020987051458,0.0169096743634709,0.32494026406002,0.333333333333333
"episodic","epi_base","epi_n215","nodes",215,"invader","TF24_beta2",8.66529130751724,8.66791373926065,0.0669478234759473,0.00262243174340782,0.0523912005761339,0.333333333333333
"episodic","epi_base","epi_n215","nodes",215,"invader","TF24_cost_scale",-11.6790074445923,-11.6679643534504,0.0782814656176295,0.0110430911418629,0.188678462342799,0.333333333333333
"episodic","epi_base","epi_n215","nodes",215,"invader","TF24_floor_lambda_o",-9.60933760934053e-05,-9.6095151820728e-05,7.24071295789851e-07,1.7757273226165e-09,0.00328008853164577,0.333333333333333
"episodic","epi_base","epi_n215","nodes",215,"invader","jmax_25",15.3999213077255,15.4033906763215,0.135694034401089,0.00346936859606473,0.034196393659786,0.333333333333333
"episodic","epi_base","epi_n215","nodes",215,"invader","a",6.5507868137002,6.55242973212968,0.0718059931218568,0.00164291842947861,0.03060172640517,0.333333333333333
"episodic","epi_base","epi_n215","nodes",215,"invader","curv_fact_elec_trans",7.86426413163713,7.86608891754569,0.0777062281503751,0.00182478590856139,0.0314084648185282,0.333333333333333
"episodic","epi_base","epi_n215","nodes",215,"invader","curv_fact_colim",158.299495499666,158.306539913537,1.16185973887142,0.00704441387091492,0.0081092703757744,0.333333333333333
"episodic","epi_base","epi_n215","nodes",215,"invader","R_d_25",-3.24195526445897,-3.24193142236519,0.0248968244403105,2.38420937765937e-05,0.00128082871277162,0.333333333333333
"episodic","epi_base","epi_n215","nodes",215,"invader","root_c",0.0115791431979805,0.0139787190222243,0.00223308377758971,0.00239957582424387,1.43720950573141,0.333333333333333
"episodic","epi_base","epi_n215","nodes",215,"invader","root_P50",1.69370822890113,1.68352467503766,0.0115197897655194,0.0101835538634696,1.18234830007644,0.333333333333333
"episodic","epi_base","epi_n215","nodes",215,"invader","rooting_depth_max",0.56925623854217,0.571189265880246,0.00640993799840723,0.00193302733807565,0.403343244294207,0.333333333333333
"episodic","epi_base","epi_n215","nodes",215,"invader","D_c",12.4356451335868,12.4335436841361,0.0854537218083385,0.00210144945073942,0.0328911141552668,0.333333333333333
"episodic","epi_base","epi_n215","nodes",215,"invader","L_tip",-2.57809878370034,-2.57749592535258,0.0174299078823671,0.000602858347760638,0.0462605516020743,0.333333333333333
"episodic","epi_base","epi_n215","nodes",215,"invader","recruitment_decay",-2.07504835691011,-2.0646006347594,0.0313080603292074,0.0104477221507158,0.446329993109209,0.333333333333333
"episodic","epi_base","epi_n54","nodes",54,"resident","ln J",0.682567983665876,0.657135193236098,0.0252373006179605,0.0254327904297773,0.335915355538958,0.333333333333333
"episodic","epi_base","epi_n54","nodes",54,"resident","lma",-8.66287484290465,-8.75165938605685,0.0865187830441221,0.0887845431521992,0.342062690621841,0.333333333333333
"episodic","epi_base","epi_n54","nodes",54,"resident","rho",-7.24393373218145,-7.28858188744755,0.067304081071671,0.044648155266108,0.221126537723435,0.333333333333333
"episodic","epi_base","epi_n54","nodes",54,"resident","hmat",-11.9782133213987,-12.0386429115557,0.0823821739925302,0.0604295901570282,0.244509166762652,0.333333333333333
"episodic","epi_base","epi_n54","nodes",54,"resident","omega",-0.394265732866706,-0.372364089704665,0.00163621838907992,0.0219016431620416,4.46184187233452,0.333333333333333
"episodic","epi_base","epi_n54","nodes",54,"resident","theta",-4.0316954139754,-4.05050357730272,0.052136021104462,0.0188081633273143,0.120250599162713,0.333333333333333
"episodic","epi_base","epi_n54","nodes",54,"resident","a_l1",2.72535722870523,2.735314987155,0.0155928426200379,0.00995775844977098,0.212870282697836,0.333333333333333
"episodic","epi_base","epi_n54","nodes",54,"resident","a_l2",1.97494748848455,1.97873967821716,0.0484017955046249,0.00379218973260853,0.0261160403456946,0.333333333333333
"episodic","epi_base","epi_n54","nodes",54,"resident","a_r1",2.84371411333958,2.86661083348663,0.0282484728355013,0.0228967201470489,0.270182395114276,0.333333333333333
"episodic","epi_base","epi_n54","nodes",54,"resident","a_b1",-1.33426158397332,-1.34201875335647,0.0093530811969132,0.00775716938315352,0.276456824577895,0.333333333333333
"episodic","epi_base","epi_n54","nodes",54,"resident","r_s",-1.43824581341065,-1.44476428484515,0.00814448762245535,0.00651847143450546,0.266784592502919,0.333333333333333
"episodic","epi_base","epi_n54","nodes",54,"resident","r_b",-0.48900357655962,-0.49121985684735,0.00276912579163486,0.00221628028773058,0.266784592502761,0.333333333333333
"episodic","epi_base","epi_n54","nodes",54,"resident","r_r",-1.50308507423008,-1.5133041340841,0.0112957691468244,0.0102190598540213,0.301560100989793,0.333333333333333
"episodic","epi_base","epi_n54","nodes",54,"resident","r_l",-9.11479892622514,-9.17676792410924,0.0684982282477256,0.0619689978840956,0.30156010099017,0.333333333333333
"episodic","epi_base","epi_n54","nodes",54,"resident","a_y",6.32148019999028,6.38888769537664,0.0846037032400881,0.0674074953863553,0.265581342994197,0.333333333333333
"episodic","epi_base","epi_n54","nodes",54,"resident","a_bio",6.32148019999029,6.38888769537667,0.0846037032400873,0.0674074953863748,0.265581342994276,0.333333333333333
"episodic","epi_base","epi_n54","nodes",54,"resident","k_l",-0.370570777629564,-0.37309018589306,0.00278486030393652,0.00251940826349578,0.301560100990163,0.333333333333333
"episodic","epi_base","epi_n54","nodes",54,"resident","k_b",-0.432106268001026,-0.434064676180189,0.00244692813878182,0.00195840817916276,0.26678459250241,0.333333333333333
"episodic","epi_base","epi_n54","nodes",54,"resident","k_s",-2.54180157647662,-2.55332162458935,0.0143936949340114,0.0115200481127373,0.266784592502749,0.333333333333333
"episodic","epi_base","epi_n54","nodes",54,"resident","k_r",-0.403886841297326,-0.406632756266636,0.00303523240231202,0.00274591496930965,0.301560100990181,0.333333333333333
"episodic","epi_base","epi_n54","nodes",54,"resident","a_f3",-0.749999999999999,-0.750000000000005,NA,5.77315972805081e-15,NA,0.333333333333333
"episodic","epi_base","epi_n54","nodes",54,"resident","a_f1",0.609937930738751,0.610575864043003,0.00121037238280252,0.000637933304251659,0.175685134403176,0.333333333333333
"episodic","epi_base","epi_n54","nodes",54,"resident","a_f2",-0.108474585118503,-0.110893113900912,0.00378960082273098,0.00241852878240909,0.212733820398017,0.333333333333333
"episodic","epi_base","epi_n54","nodes",54,"resident","S_D",1,1,NA,4.44089209850063e-16,NA,0.333333333333333
"episodic","epi_base","epi_n54","nodes",54,"resident","a_d0",0.0122437219214046,0.0126005634193952,0.000214789565613506,0.00035684149799063,0.5537846573558,0.333333333333333
"episodic","epi_base","epi_n54","nodes",54,"resident","d_I",-0.00934633547603157,-0.00937580928870717,0.000473163899993009,2.94738126756042e-05,0.0207636386151745,0.333333333333333
"episodic","epi_base","epi_n54","nodes",54,"resident","a_dG1",-0.0455487077960595,-0.0477208947503346,0.0365917805597071,0.00217218695427506,0.0197875672354951,0.333333333333333
"episodic","epi_base","epi_n54","nodes",54,"resident","a_dG2",1.27191712170968,1.25687042563399,0.0189878027926389,0.0150466960756888,0.26414669529364,0.333333333333333
"episodic","epi_base","epi_n54","nodes",54,"resident","a_st1",0.500679591165464,0.502900541984216,0.0205905072541103,0.00222095081875218,0.0359542837117952,0.333333333333333
"episodic","epi_base","epi_n54","nodes",54,"resident","a_st2",0.144467979883473,0.140200314075973,0.00451817346276503,0.00426766580750015,0.314851849069146,0.333333333333333
"episodic","epi_base","epi_n54","nodes",54,"resident","a_st3",-0.00656654805254025,-0.011790213142054,5.5834829722968e-05,0.00522366508951379,31.1852244404416,0.333333333333333
"episodic","epi_base","epi_n54","nodes",54,"resident","storage_relaxation_offset",-0.132569602203695,-0.142083500089988,0.0102229074454081,0.00951389788629356,0.310215006089648,0.333333333333333
"episodic","epi_base","epi_n54","nodes",54,"resident","k_I",1.37396563556641,1.38846530004219,0.0293274630210281,0.014499664475782,0.16480189535869,0.333333333333333
"episodic","epi_base","epi_n54","nodes",54,"resident","vcmax_25",7.82647231546943,7.89142527824599,0.0510500456143165,0.0649529627765606,0.424112992097211,0.333333333333333
"episodic","epi_base","epi_n54","nodes",54,"resident","stem_P50",9.41654181001108,9.51254128602222,0.0670692512618307,0.0959994760111424,0.477116185658966,0.333333333333333
"episodic","epi_base","epi_n54","nodes",54,"resident","K_s",3.21223831820605,3.23807831014486,0.0198311391066108,0.0258399919388053,0.434333630557668,0.333333333333333
"episodic","epi_base","epi_n54","nodes",54,"resident","stem_c",1.39640265362926,1.38820755913462,0.0166223969748096,0.00819509449464118,0.164338402519212,0.333333333333333
"episodic","epi_base","epi_n54","nodes",54,"resident","TF24_beta2",3.87064978845347,3.89882704504145,0.0326731025545285,0.0281772565879872,0.287466390649229,0.333333333333333
"episodic","epi_base","epi_n54","nodes",54,"resident","TF24_cost_scale",-2.98859029668859,-3.01935377337252,0.0196115012110622,0.030763476683926,0.522881553921589,0.333333333333333
"episodic","epi_base","epi_n54","nodes",54,"resident","TF24_floor_lambda_o",-1.92552679983413e-05,-1.95734409575133e-05,4.04248218662552e-07,3.18172959172012e-07,0.262357749919658,0.333333333333333
"episodic","epi_base","epi_n54","nodes",54,"resident","jmax_25",3.95420004828514,3.99671467024034,0.0693568867216854,0.0425146219551986,0.204327808262217,0.333333333333333
"episodic","epi_base","epi_n54","nodes",54,"resident","a",0.971703857273419,0.982609989959179,0.035416347525355,0.0109061326857601,0.102646879645549,0.333333333333333
"episodic","epi_base","epi_n54","nodes",54,"resident","curv_fact_elec_trans",1.53786819679395,1.55442529303319,0.0390362431143479,0.0165570962392454,0.141382255038778,0.333333333333333
"episodic","epi_base","epi_n54","nodes",54,"resident","curv_fact_colim",63.885231626331,64.4358990343227,0.598065496775702,0.550667407991718,0.306915887396103,0.333333333333333
"episodic","epi_base","epi_n54","nodes",54,"resident","R_d_25",-1.16140008233065,-1.17131191020182,0.0118378365536557,0.00991182787117384,0.279100206253845,0.333333333333333
"episodic","epi_base","epi_n54","nodes",54,"resident","root_c",0.369077292889425,0.383580682832405,0.00320317290520615,0.0145033899429796,1.50927329163812,0.333333333333333
"episodic","epi_base","epi_n54","nodes",54,"resident","root_P50",-0.819525370501926,-0.842902765991262,0.0107532495844038,0.0233773954893356,0.724661424618455,0.333333333333333
"episodic","epi_base","epi_n54","nodes",54,"resident","rooting_depth_max",0.231884098870166,0.222033118366584,0.00538891110015255,0.00985098050358232,0.609336488732913,0.333333333333333
"episodic","epi_base","epi_n54","nodes",54,"resident","D_c",6.83288901863113,6.88082792241052,0.041621318781194,0.0479389037793974,0.383929079161053,0.333333333333333
"episodic","epi_base","epi_n54","nodes",54,"resident","L_tip",-1.26855814294275,-1.2785409385723,0.0077914604431711,0.00998279562955218,0.427082774462465,0.333333333333333
"episodic","epi_base","epi_n54","nodes",54,"resident","recruitment_decay",10.1845757029483,10.279852536548,0.0678554143719225,0.0952768335997298,0.468038473085865,0.333333333333333
"episodic","epi_base","epi_n54","nodes",54,"invader","ln J",0.682567983665876,0.657135193236098,0.0252373006179605,0.0254327904297773,0.335915355538958,0.333333333333333
"episodic","epi_base","epi_n54","nodes",54,"invader","lma",-26.2837441355689,-26.4044128086505,0.197819614061448,0.120668673081653,0.203331157115307,0.333333333333333
"episodic","epi_base","epi_n54","nodes",54,"invader","rho",-11.153001273443,-11.2113262559223,0.107345694889346,0.0583249824793022,0.18111262725976,0.333333333333333
"episodic","epi_base","epi_n54","nodes",54,"invader","hmat",-11.8231596389768,-11.8888256414078,0.0817500420917349,0.0656660024309783,0.26775114626156,0.333333333333333
"episodic","epi_base","epi_n54","nodes",54,"invader","omega",-0.0561957000557251,-0.0630010926765809,0.00423067333366896,0.00680539262085574,0.536194602617697,0.333333333333333
"episodic","epi_base","epi_n54","nodes",54,"invader","theta",-4.41411541087941,-4.44531961810588,0.0853095809423807,0.0312042072264687,0.12192537220231,0.333333333333333
"episodic","epi_base","epi_n54","nodes",54,"invader","a_l1",-2.50824803760458,-2.50087386850811,0.0131433109672616,0.00737416909646793,0.187019570001199,0.333333333333333
"episodic","epi_base","epi_n54","nodes",54,"invader","a_l2",3.09856113743774,3.130471952117,0.0671005775963974,0.0319108146792564,0.158522304985194,0.333333333333333
"episodic","epi_base","epi_n54","nodes",54,"invader","a_r1",9.36595782520333,9.41174597018985,0.0604501754367512,0.045788144986517,0.252484213407701,0.333333333333333
"episodic","epi_base","epi_n54","nodes",54,"invader","a_b1",-2.27610411033742,-2.28530269044265,0.0174329522695687,0.00919858010522612,0.175884917310369,0.333333333333333
"episodic","epi_base","epi_n54","nodes",54,"invader","r_s",-1.95995562219059,-1.96635285038483,0.01395155257935,0.00639722819424771,0.152843877837567,0.333333333333333
"episodic","epi_base","epi_n54","nodes",54,"invader","r_b",-0.666384911544795,-0.668559969130844,0.00474352787697887,0.00217505758604908,0.152843877837913,0.333333333333333
"episodic","epi_base","epi_n54","nodes",54,"invader","r_r",-3.73314116172973,-3.74971122594989,0.0265748956494436,0.016570064220164,0.20784106974171,0.333333333333333
"episodic","epi_base","epi_n54","nodes",54,"invader","r_l",-22.6379941067612,-22.7384759797775,0.161151776757663,0.100481873016367,0.207841069741911,0.333333333333333
"episodic","epi_base","epi_n54","nodes",54,"invader","a_y",14.546388768216,14.622215834092,0.147725816745313,0.0758270658760196,0.171098655483601,0.333333333333333
"episodic","epi_base","epi_n54","nodes",54,"invader","a_bio",14.5463887682161,14.6222158340921,0.147725816745314,0.0758270658759717,0.171098655483492,0.333333333333333
"episodic","epi_base","epi_n54","nodes",54,"invader","k_l",-0.920369077586465,-0.924454263241437,0.00655177801647952,0.00408518565497229,0.207841069742032,0.333333333333333
"episodic","epi_base","epi_n54","nodes",54,"invader","k_b",-0.588848652612477,-0.590770634498185,0.00419160150627316,0.00192198188570791,0.152843877837741,0.333333333333333
"episodic","epi_base","epi_n54","nodes",54,"invader","k_s",-3.46381560360281,-3.4751213794011,0.0246564794486647,0.0113057757982911,0.152843877837871,0.333333333333333
"episodic","epi_base","epi_n54","nodes",54,"invader","k_r",-1.00311460593831,-1.00756706908409,0.00714081381398727,0.00445246314577852,0.207841069741805,0.333333333333333
"episodic","epi_base","epi_n54","nodes",54,"invader","a_f3",-0.749999999999999,-0.750000000000005,NA,5.77315972805081e-15,NA,0.333333333333333
"episodic","epi_base","epi_n54","nodes",54,"invader","a_f1",0.602397358390475,0.603289004175903,0.00127291503835189,0.000891645785428552,0.23349183005516,0.333333333333333
"episodic","epi_base","epi_n54","nodes",54,"invader","a_f2",-0.106824839127828,-0.109267368314559,0.0037105447466109,0.00244252918673118,0.219422335849933,0.333333333333333
"episodic","epi_base","epi_n54","nodes",54,"invader","S_D",1,1,NA,4.44089209850063e-16,NA,0.333333333333333
"episodic","epi_base","epi_n54","nodes",54,"invader","a_d0",-0.00716241117581511,-0.00733178473285153,4.06577172294892e-05,0.000169373557036419,1.38861343411882,0.333333333333333
"episodic","epi_base","epi_n54","nodes",54,"invader","d_I",-0.163435322964042,-0.163347632836873,0.000496650144011525,8.76901271688602e-05,0.0588543922559333,0.333333333333333
"episodic","epi_base","epi_n54","nodes",54,"invader","a_dG1",-7.50777371164804,-7.5295132258395,0.0373210585036517,0.021739514191454,0.194166645347844,0.333333333333333
"episodic","epi_base","epi_n54","nodes",54,"invader","a_dG2",4.24984640427141,4.2535331917353,0.0500238045054518,0.00368678746389062,0.0245668870406742,0.333333333333333
"episodic","epi_base","epi_n54","nodes",54,"invader","a_st1",2.551994922571,2.55058058673935,0.0228273713223395,0.00141433583165895,0.0206526310262576,0.333333333333333
"episodic","epi_base","epi_n54","nodes",54,"invader","a_st2",0.615755738599475,0.615622979214009,0.0114492275027067,0.00013275938546653,0.00386516282241588,0.333333333333333
"episodic","epi_base","epi_n54","nodes",54,"invader","a_st3",0.00358779369898339,0.00504998909694282,0.000120867284167558,0.00146219539795943,4.03250945318501,0.333333333333333
"episodic","epi_base","epi_n54","nodes",54,"invader","storage_relaxation_offset",1.8543654129979,1.8515534962419,0.0163728971531554,0.00281191675599568,0.0572473873477703,0.333333333333333
"episodic","epi_base","epi_n54","nodes",54,"invader","k_I",6.55078681370018,6.57643535524358,0.0718059931218581,0.0256485415434042,0.119064070784349,0.333333333333333
"episodic","epi_base","epi_n54","nodes",54,"invader","vcmax_25",15.0768344445069,15.155193423013,0.0898070914112696,0.0783589785060883,0.290841837671983,0.333333333333333
"episodic","epi_base","epi_n54","nodes",54,"invader","stem_P50",31.7977881225913,31.9388328214194,0.216822964856134,0.141044698828132,0.216835424423666,0.333333333333333
"episodic","epi_base","epi_n54","nodes",54,"invader","K_s",6.73888586256362,6.76600663781648,0.0453144918293449,0.0271207752528531,0.199500381724757,0.333333333333333
"episodic","epi_base","epi_n54","nodes",54,"invader","stem_c",-5.44835488940089,-5.47439896991093,0.0696020987051458,0.0260440805100348,0.124728425313557,0.333333333333333
"episodic","epi_base","epi_n54","nodes",54,"invader","TF24_beta2",8.66529130751724,8.70274556697388,0.0669478234759473,0.0374542594566343,0.186484825107076,0.333333333333333
"episodic","epi_base","epi_n54","nodes",54,"invader","TF24_cost_scale",-11.6790074445923,-11.7331200682251,0.0782814656176295,0.0541126236328306,0.230419053458312,0.333333333333333
"episodic","epi_base","epi_n54","nodes",54,"invader","TF24_floor_lambda_o",-9.60933760934053e-05,-9.65490824159107e-05,7.24071295789851e-07,4.55706322505334e-07,0.209788881820092,0.333333333333333
"episodic","epi_base","epi_n54","nodes",54,"invader","jmax_25",15.3999213077255,15.4687268177587,0.135694034401089,0.0688055100331919,0.169021210934531,0.333333333333333
"episodic","epi_base","epi_n54","nodes",54,"invader","a",6.5507868137002,6.57643535524359,0.0718059931218568,0.0256485415433927,0.119064070784298,0.333333333333333
"episodic","epi_base","epi_n54","nodes",54,"invader","curv_fact_elec_trans",7.86426413163713,7.89699213488653,0.0777062281503751,0.0327280032493942,0.140392021027623,0.333333333333333
"episodic","epi_base","epi_n54","nodes",54,"invader","curv_fact_colim",158.299495499666,159.03631560842,1.16185973887142,0.736820108754074,0.211391009345583,0.333333333333333
"episodic","epi_base","epi_n54","nodes",54,"invader","R_d_25",-3.24195526445897,-3.2566581270164,0.0248968244403105,0.0147028625574248,0.196850574158893,0.333333333333333
"episodic","epi_base","epi_n54","nodes",54,"invader","root_c",0.0115791431979805,0.00773888177134406,0.00223308377758971,0.00384026142663641,0.573237401596194,0.333333333333333
"episodic","epi_base","epi_n54","nodes",54,"invader","root_P50",1.69370822890113,1.71177527365096,0.0115197897655194,0.0180670447498312,0.522782826121498,0.333333333333333
"episodic","epi_base","epi_n54","nodes",54,"invader","rooting_depth_max",0.56925623854217,0.576801894407134,0.00640993799840723,0.00754565586496347,0.392393596050302,0.333333333333333
"episodic","epi_base","epi_n54","nodes",54,"invader","D_c",12.4356451335868,12.4833386722249,0.0854537218083385,0.0476935386380593,0.186040419027543,0.333333333333333
"episodic","epi_base","epi_n54","nodes",54,"invader","L_tip",-2.57809878370034,-2.5883610394975,0.0174299078823671,0.0102622557971612,0.196257602476928,0.333333333333333
"episodic","epi_base","epi_n54","nodes",54,"invader","recruitment_decay",-2.07504835691011,-2.12313911077749,0.0313080603292074,0.0480907538673758,0.512016749698498,0.333333333333333
"episodic","epi_base","epi_tol","tolerance",108,"resident","ln J",0.682567983665876,0.682559423370157,0.0252373006179605,8.56029571849604e-06,0.000339192207917988,0.166666666666667
"episodic","epi_base","epi_tol","tolerance",108,"resident","lma",-8.66287484290465,-8.66672235742554,0.0865187830441221,0.0038475145208885,0.0444702801578517,0.166666666666667
"episodic","epi_base","epi_tol","tolerance",108,"resident","rho",-7.24393373218145,-7.24440516065045,0.067304081071671,0.000471428469003499,0.00700445591852717,0.166666666666667
"episodic","epi_base","epi_tol","tolerance",108,"resident","hmat",-11.9782133213987,-11.9777317984416,0.0823821739925302,0.000481522957091585,0.00584498968351145,0.166666666666667
"episodic","epi_base","epi_tol","tolerance",108,"resident","omega",-0.394265732866706,-0.394251427688152,0.00163621838907992,1.43051785544412e-05,0.00874282959408942,0.166666666666667
"episodic","epi_base","epi_tol","tolerance",108,"resident","theta",-4.0316954139754,-4.03137193852942,0.052136021104462,0.000323475445982879,0.00620445210682169,0.166666666666667
"episodic","epi_base","epi_tol","tolerance",108,"resident","a_l1",2.72535722870523,2.72395879654951,0.0155928426200379,0.00139843215572011,0.0896842346066537,0.166666666666667
"episodic","epi_base","epi_tol","tolerance",108,"resident","a_l2",1.97494748848455,1.97399628080282,0.0484017955046249,0.000951207681732624,0.0196523222292804,0.166666666666667
"episodic","epi_base","epi_tol","tolerance",108,"resident","a_r1",2.84371411333958,2.84494060089138,0.0282484728355013,0.00122648755180155,0.0434178356806658,0.166666666666667
"episodic","epi_base","epi_tol","tolerance",108,"resident","a_b1",-1.33426158397332,-1.33455193201368,0.0093530811969132,0.000290348040364652,0.0310430364338626,0.166666666666667
"episodic","epi_base","epi_tol","tolerance",108,"resident","r_s",-1.43824581341065,-1.43837075935628,0.00814448762245535,0.000124945945633392,0.0153411671090151,0.166666666666667
"episodic","epi_base","epi_tol","tolerance",108,"resident","r_b",-0.48900357655962,-0.489046058181136,0.00276912579163486,4.24816215160995e-05,0.0153411671092843,0.166666666666667
"episodic","epi_base","epi_tol","tolerance",108,"resident","r_r",-1.50308507423008,-1.50360617651932,0.0112957691468244,0.000521102289241293,0.0461325193944665,0.166666666666667
"episodic","epi_base","epi_tol","tolerance",108,"resident","r_l",-9.11479892622514,-9.11795892206831,0.0684982282477256,0.00315999584317161,0.04613251939515,0.166666666666667
"episodic","epi_base","epi_tol","tolerance",108,"resident","a_y",6.32148019999028,6.32267854846968,0.0846037032400881,0.00119834847939693,0.0141642556236133,0.166666666666667
"episodic","epi_base","epi_tol","tolerance",108,"resident","a_bio",6.32148019999029,6.32267854846968,0.0846037032400873,0.0011983484793836,0.0141642556234559,0.166666666666667
"episodic","epi_base","epi_tol","tolerance",108,"resident","k_l",-0.370570777629564,-0.370699250251547,0.00278486030393652,0.000128472621982567,0.0461325193945871,0.166666666666667
"episodic","epi_base","epi_tol","tolerance",108,"resident","k_b",-0.432106268001026,-0.432143806734507,0.00244692813878182,3.75387334806132e-05,0.0153411671089375,0.166666666666667
"episodic","epi_base","epi_tol","tolerance",108,"resident","k_s",-2.54180157647662,-2.54202239255592,0.0143936949340114,0.000220816079299357,0.0153411671090501,0.166666666666667
"episodic","epi_base","epi_tol","tolerance",108,"resident","k_r",-0.403886841297326,-0.404026864214995,0.00303523240231202,0.000140022917668514,0.0461325193951721,0.166666666666667
"episodic","epi_base","epi_tol","tolerance",108,"resident","a_f3",-0.749999999999999,-0.750000000000003,NA,4.10782519111308e-15,NA,0.166666666666667
"episodic","epi_base","epi_tol","tolerance",108,"resident","a_f1",0.609937930738751,0.609907820960056,0.00121037238280252,3.01097786951088e-05,0.024876458784851,0.166666666666667
"episodic","epi_base","epi_tol","tolerance",108,"resident","a_f2",-0.108474585118503,-0.108472662968391,0.00378960082273098,1.92215011239616e-06,0.000507217040081535,0.166666666666667
"episodic","epi_base","epi_tol","tolerance",108,"resident","S_D",1,1,NA,5.55111512312578e-16,NA,0.166666666666667
"episodic","epi_base","epi_tol","tolerance",108,"resident","a_d0",0.0122437219214046,0.0122410476656389,0.000214789565613506,2.67425576568059e-06,0.0124505851019442,0.166666666666667
"episodic","epi_base","epi_tol","tolerance",108,"resident","d_I",-0.00934633547603157,-0.00940517961721534,0.000473163899993009,5.88441411837771e-05,0.124363124880504,0.166666666666667
"episodic","epi_base","epi_tol","tolerance",108,"resident","a_dG1",-0.0455487077960595,-0.0505292169917265,0.0365917805597071,0.00498050919566704,0.136110053118085,0.166666666666667
"episodic","epi_base","epi_tol","tolerance",108,"resident","a_dG2",1.27191712170968,1.27351415525152,0.0189878027926389,0.00159703354184204,0.0841083910172677,0.166666666666667
"episodic","epi_base","epi_tol","tolerance",108,"resident","a_st1",0.500679591165464,0.502081494440407,0.0205905072541103,0.00140190327494327,0.0680849314512843,0.166666666666667
"episodic","epi_base","epi_tol","tolerance",108,"resident","a_st2",0.144467979883473,0.144752857138158,0.00451817346276503,0.000284877254684929,0.0630514204540057,0.166666666666667
"episodic","epi_base","epi_tol","tolerance",108,"resident","a_st3",-0.00656654805254025,-0.00656506943725386,5.5834829722968e-05,1.47861528639222e-06,0.0264819521028105,0.166666666666667
"episodic","epi_base","epi_tol","tolerance",108,"resident","storage_relaxation_offset",-0.132569602203695,-0.131303382374531,0.0102229074454081,0.00126621982916408,0.123861028374354,0.166666666666667
"episodic","epi_base","epi_tol","tolerance",108,"resident","k_I",1.37396563556641,1.37526093265165,0.0293274630210281,0.00129529708524223,0.0441666940066889,0.166666666666667
"episodic","epi_base","epi_tol","tolerance",108,"resident","vcmax_25",7.82647231546943,7.82789081515307,0.0510500456143165,0.00141849968364749,0.0277864528146413,0.166666666666667
"episodic","epi_base","epi_tol","tolerance",108,"resident","stem_P50",9.41654181001108,9.41905376550164,0.0670692512618307,0.00251195549056327,0.0374531613713247,0.166666666666667
"episodic","epi_base","epi_tol","tolerance",108,"resident","K_s",3.21223831820605,3.21303322212103,0.0198311391066108,0.000794903914979272,0.0400836235733069,0.166666666666667
"episodic","epi_base","epi_tol","tolerance",108,"resident","stem_c",1.39640265362926,1.39515073727831,0.0166223969748096,0.00125191635094413,0.0753150314507193,0.166666666666667
"episodic","epi_base","epi_tol","tolerance",108,"resident","TF24_beta2",3.87064978845347,3.87098436467577,0.0326731025545285,0.000334576222300598,0.01024011177825,0.166666666666667
"episodic","epi_base","epi_tol","tolerance",108,"resident","TF24_cost_scale",-2.98859029668859,-2.9912312920319,0.0196115012110622,0.00264099534330198,0.134665639049206,0.166666666666667
"episodic","epi_base","epi_tol","tolerance",108,"resident","TF24_floor_lambda_o",-1.92552679983413e-05,-1.92744019640816e-05,4.04248218662552e-07,1.91339657403642e-08,0.0473322202968973,0.166666666666667
"episodic","epi_base","epi_tol","tolerance",108,"resident","jmax_25",3.95420004828514,3.95735318578083,0.0693568867216854,0.0031531374956919,0.0454625004773467,0.166666666666667
"episodic","epi_base","epi_tol","tolerance",108,"resident","a",0.971703857273419,0.973153486322941,0.035416347525355,0.00144962904952251,0.040931071406635,0.166666666666667
"episodic","epi_base","epi_tol","tolerance",108,"resident","curv_fact_elec_trans",1.53786819679395,1.53956184631608,0.0390362431143479,0.00169364952213691,0.0433865912038652,0.166666666666667
"episodic","epi_base","epi_tol","tolerance",108,"resident","curv_fact_colim",63.885231626331,63.9097778866587,0.598065496775702,0.0245462603277318,0.0410427628078628,0.166666666666667
"episodic","epi_base","epi_tol","tolerance",108,"resident","R_d_25",-1.16140008233065,-1.16189803002158,0.0118378365536557,0.000497947690933032,0.0420640789113833,0.166666666666667
"episodic","epi_base","epi_tol","tolerance",108,"resident","root_c",0.369077292889425,0.369025120735505,0.00320317290520615,5.21721539203934e-05,0.016287648361285,0.166666666666667
"episodic","epi_base","epi_tol","tolerance",108,"resident","root_P50",-0.819525370501926,-0.819346357539935,0.0107532495844038,0.000179012961990854,0.0166473362852555,0.166666666666667
"episodic","epi_base","epi_tol","tolerance",108,"resident","rooting_depth_max",0.231884098870166,0.232213350715529,0.00538891110015255,0.000329251845363199,0.0610980287564733,0.166666666666667
"episodic","epi_base","epi_tol","tolerance",108,"resident","D_c",6.83288901863113,6.83413890110694,0.041621318781194,0.00124988247581914,0.0300298623979181,0.166666666666667
"episodic","epi_base","epi_tol","tolerance",108,"resident","L_tip",-1.26855814294275,-1.26886313233514,0.0077914604431711,0.000304989392389876,0.0391440596553611,0.166666666666667
"episodic","epi_base","epi_tol","tolerance",108,"resident","recruitment_decay",10.1845757029483,10.1793028867429,0.0678554143719225,0.00527281620541586,0.0777066392449542,0.166666666666667
"episodic","epi_base","epi_tol","tolerance",108,"invader","ln J",0.682567983665876,0.682559423370157,0.0252373006179605,8.56029571849604e-06,0.000339192207917988,0.166666666666667
"episodic","epi_base","epi_tol","tolerance",108,"invader","lma",-26.2837441355689,-26.2825710940705,0.197819614061448,0.00117304149837238,0.00592985434704168,0.166666666666667
"episodic","epi_base","epi_tol","tolerance",108,"invader","rho",-11.153001273443,-11.1530019661401,0.107345694889346,6.92697044613055e-07,6.45295598791457e-06,0.166666666666667
"episodic","epi_base","epi_tol","tolerance",108,"invader","hmat",-11.8231596389768,-11.8228576589274,0.0817500420917349,0.000301980049426831,0.00369394365678696,0.166666666666667
"episodic","epi_base","epi_tol","tolerance",108,"invader","omega",-0.0561957000557251,-0.056116943496238,0.00423067333366896,7.87565594871573e-05,0.0186156087401949,0.166666666666667
"episodic","epi_base","epi_tol","tolerance",108,"invader","theta",-4.41411541087941,-4.41500348152168,0.0853095809423807,0.000888070642262484,0.0104099754383074,0.166666666666667
"episodic","epi_base","epi_tol","tolerance",108,"invader","a_l1",-2.50824803760458,-2.5079928742392,0.0131433109672616,0.000255163365380451,0.0194139335222329,0.166666666666667
"episodic","epi_base","epi_tol","tolerance",108,"invader","a_l2",3.09856113743774,3.09875513267698,0.0671005775963974,0.000193995239237132,0.00289111131656709,0.166666666666667
"episodic","epi_base","epi_tol","tolerance",108,"invader","a_r1",9.36595782520333,9.3649486096845,0.0604501754367512,0.00100921551882927,0.016694997351748,0.166666666666667
"episodic","epi_base","epi_tol","tolerance",108,"invader","a_b1",-2.27610411033742,-2.27608653776114,0.0174329522695687,1.7572576282987e-05,0.00100800920069414,0.166666666666667
"episodic","epi_base","epi_tol","tolerance",108,"invader","r_s",-1.95995562219059,-1.95984026698288,0.01395155257935,0.000115355207707779,0.00826827029118744,0.166666666666667
"episodic","epi_base","epi_tol","tolerance",108,"invader","r_b",-0.666384911544795,-0.666345690774177,0.00474352787697887,3.92207706177983e-05,0.00826827029058756,0.166666666666667
"episodic","epi_base","epi_tol","tolerance",108,"invader","r_r",-3.73314116172973,-3.7328647014434,0.0265748956494436,0.000276460286332547,0.0104030619716972,0.166666666666667
"episodic","epi_base","epi_tol","tolerance",108,"invader","r_l",-22.6379941067612,-22.6363176348409,0.161151776757663,0.00167647192032661,0.0104030619708751,0.166666666666667
"episodic","epi_base","epi_tol","tolerance",108,"invader","a_y",14.546388768216,14.5470199051534,0.147725816745313,0.0006311369373595,0.00427235368376817,0.166666666666667
"episodic","epi_base","epi_tol","tolerance",108,"invader","a_bio",14.5463887682161,14.5470199051534,0.147725816745314,0.000631136937315091,0.00427235368346753,0.166666666666667
"episodic","epi_base","epi_tol","tolerance",108,"invader","k_l",-0.920369077586465,-0.920300919033739,0.00655177801647952,6.81585527253503e-05,0.0104030619709509,0.166666666666667
"episodic","epi_base","epi_tol","tolerance",108,"invader","k_b",-0.588848652612477,-0.588813995318271,0.00419160150627316,3.46572942052648e-05,0.00826827029081762,0.166666666666667
"episodic","epi_base","epi_tol","tolerance",108,"invader","k_s",-3.46381560360281,-3.46361173716632,0.0246564794486647,0.000203866436485178,0.00826827029015365,0.166666666666667
"episodic","epi_base","epi_tol","tolerance",108,"invader","k_r",-1.00311460593831,-1.00304031960968,0.00714081381398727,7.42863286331552e-05,0.0104030619714023,0.166666666666667
"episodic","epi_base","epi_tol","tolerance",108,"invader","a_f3",-0.749999999999999,-0.750000000000003,NA,4.10782519111308e-15,NA,0.166666666666667
"episodic","epi_base","epi_tol","tolerance",108,"invader","a_f1",0.602397358390475,0.602373178297568,0.00127291503835189,2.41800929071667e-05,0.0189958419679557,0.166666666666667
"episodic","epi_base","epi_tol","tolerance",108,"invader","a_f2",-0.106824839127828,-0.106828775081049,0.0037105447466109,3.93595322083218e-06,0.00106074808137731,0.166666666666667
"episodic","epi_base","epi_tol","tolerance",108,"invader","S_D",1,1,NA,5.55111512312578e-16,NA,0.166666666666667
"episodic","epi_base","epi_tol","tolerance",108,"invader","a_d0",-0.00716241117581511,-0.00716218024593554,4.06577172294892e-05,2.30929879573884e-07,0.00567985355081346,0.166666666666667
"episodic","epi_base","epi_tol","tolerance",108,"invader","d_I",-0.163435322964042,-0.163435127285465,0.000496650144011525,1.95678576397906e-07,0.000393996817996222,0.166666666666667
"episodic","epi_base","epi_tol","tolerance",108,"invader","a_dG1",-7.50777371164804,-7.50778842878427,0.0373210585036517,1.47171362261389e-05,0.000394338660697389,0.166666666666667
"episodic","epi_base","epi_tol","tolerance",108,"invader","a_dG2",4.24984640427141,4.24984175589658,0.0500238045054518,4.64837483082903e-06,9.29232567731314e-05,0.166666666666667
"episodic","epi_base","epi_tol","tolerance",108,"invader","a_st1",2.551994922571,2.55198864440951,0.0228273713223395,6.27816149512128e-06,0.000275027790386767,0.166666666666667
"episodic","epi_base","epi_tol","tolerance",108,"invader","a_st2",0.615755738599475,0.615742482598789,0.0114492275027067,1.32560006861349e-05,0.00115780743137483,0.166666666666667
"episodic","epi_base","epi_tol","tolerance",108,"invader","a_st3",0.00358779369898339,0.00358860218720321,0.000120867284167558,8.08488219824956e-07,0.00668905755095938,0.166666666666667
"episodic","epi_base","epi_tol","tolerance",108,"invader","storage_relaxation_offset",1.8543654129979,1.85435751958247,0.0163728971531554,7.89341543194766e-06,0.000482102547772154,0.166666666666667
"episodic","epi_base","epi_tol","tolerance",108,"invader","k_I",6.55078681370018,6.55070053267824,0.0718059931218581,8.62810219341981e-05,0.00120158524634253,0.166666666666667
"episodic","epi_base","epi_tol","tolerance",108,"invader","vcmax_25",15.0768344445069,15.0753952659791,0.0898070914112696,0.00143917852772546,0.0160252214508849,0.166666666666667
"episodic","epi_base","epi_tol","tolerance",108,"invader","stem_P50",31.7977881225913,31.793346284915,0.216822964856134,0.00444183767624651,0.0204860111528949,0.166666666666667
"episodic","epi_base","epi_tol","tolerance",108,"invader","K_s",6.73888586256362,6.73799848461846,0.0453144918293449,0.000887377945161916,0.0195826524658777,0.166666666666667
"episodic","epi_base","epi_tol","tolerance",108,"invader","stem_c",-5.44835488940089,-5.44597154604776,0.0696020987051458,0.00238334335313173,0.0342424064427747,0.166666666666667
"episodic","epi_base","epi_tol","tolerance",108,"invader","TF24_beta2",8.66529130751724,8.66510254057282,0.0669478234759473,0.000188766944418717,0.00281961286592888,0.166666666666667
"episodic","epi_base","epi_tol","tolerance",108,"invader","TF24_cost_scale",-11.6790074445923,-11.6767021702372,0.0782814656176295,0.00230527435502736,0.0294485334023716,0.166666666666667
"episodic","epi_base","epi_tol","tolerance",108,"invader","TF24_floor_lambda_o",-9.60933760934053e-05,-9.60886102739739e-05,7.24071295789851e-07,4.76581943142452e-09,0.00658197536504432,0.166666666666667
"episodic","epi_base","epi_tol","tolerance",108,"invader","jmax_25",15.3999213077255,15.3995971825071,0.135694034401089,0.000324125218378768,0.00238864751725715,0.166666666666667
"episodic","epi_base","epi_tol","tolerance",108,"invader","a",6.5507868137002,6.55070053267823,0.0718059931218568,8.62810219697252e-05,0.00120158524683732,0.166666666666667
"episodic","epi_base","epi_tol","tolerance",108,"invader","curv_fact_elec_trans",7.86426413163713,7.86413255940112,0.0777062281503751,0.000131572236009347,0.0016932006499496,0.166666666666667
"episodic","epi_base","epi_tol","tolerance",108,"invader","curv_fact_colim",158.299495499666,158.290049411223,1.16185973887142,0.00944608844318395,0.00813014525519188,0.166666666666667
"episodic","epi_base","epi_tol","tolerance",108,"invader","R_d_25",-3.24195526445897,-3.2417651638152,0.0248968244403105,0.000190100643766122,0.00763553778602905,0.166666666666667
"episodic","epi_base","epi_tol","tolerance",108,"invader","root_c",0.0115791431979805,0.0115167162064938,0.00223308377758971,6.24269914866714e-05,0.0279555080347466,0.166666666666667
"episodic","epi_base","epi_tol","tolerance",108,"invader","root_P50",1.69370822890113,1.69325232146171,0.0115197897655194,0.00045590743941637,0.039576020803867,0.166666666666667
"episodic","epi_base","epi_tol","tolerance",108,"invader","rooting_depth_max",0.56925623854217,0.569067168555138,0.00640993799840723,0.000189069987032164,0.0294963831286894,0.166666666666667
"episodic","epi_base","epi_tol","tolerance",108,"invader","D_c",12.4356451335868,12.4342058080022,0.0854537218083385,0.00143932558463788,0.0168433340781353,0.166666666666667
"episodic","epi_base","epi_tol","tolerance",108,"invader","L_tip",-2.57809878370034,-2.57776180133485,0.0174299078823671,0.000336982365495508,0.0193335712253772,0.166666666666667
"episodic","epi_base","epi_tol","tolerance",108,"invader","recruitment_decay",-2.07504835691011,-2.07506000711804,0.0313080603292074,1.16502079277048e-05,0.000372115289328105,0.166666666666667
"long-drought","ld_3e-5","ld_2.85e-5","tolerance",108,"resident","ln J",2.539122889329,2.53913181547884,0.0252373006179605,8.92614983438733e-06,0.00035368877082024,0.166666666666667
"long-drought","ld_3e-5","ld_2.85e-5","tolerance",108,"resident","lma",-8.27746076339076,-8.27655160247727,0.0865187830441221,0.000909160913485252,0.0105082489778157,0.166666666666667
"long-drought","ld_3e-5","ld_2.85e-5","tolerance",108,"resident","rho",-6.08590736938717,-6.0851457912627,0.067304081071671,0.000761578124470752,0.0113154820977313,0.166666666666667
"long-drought","ld_3e-5","ld_2.85e-5","tolerance",108,"resident","hmat",-9.06043359764503,-9.05994022473145,0.0823821739925302,0.000493372913584977,0.0059888309530374,0.166666666666667
"long-drought","ld_3e-5","ld_2.85e-5","tolerance",108,"resident","omega",-0.290813760787444,-0.290885739307428,0.00163621838907992,7.19785199845835e-05,0.043990778043424,0.166666666666667
"long-drought","ld_3e-5","ld_2.85e-5","tolerance",108,"resident","theta",-3.73756082197713,-3.73667391462139,0.052136021104462,0.000886907355740707,0.0170114123968851,0.166666666666667
"long-drought","ld_3e-5","ld_2.85e-5","tolerance",108,"resident","a_l1",1.51174637722593,1.5119315885155,0.0155928426200379,0.000185211289567722,0.0118779682499785,0.166666666666667
"long-drought","ld_3e-5","ld_2.85e-5","tolerance",108,"resident","a_l2",1.7720890138254,1.77080425329796,0.0484017955046249,0.00128476052743776,0.026543654301316,0.166666666666667
"long-drought","ld_3e-5","ld_2.85e-5","tolerance",108,"resident","a_r1",2.43115071416232,2.43106479552934,0.0282484728355013,8.59186329820183e-05,0.00304153196112039,0.166666666666667
"long-drought","ld_3e-5","ld_2.85e-5","tolerance",108,"resident","a_b1",-1.09157150401671,-1.09154464204216,0.0093530811969132,2.68619745424914e-05,0.00287199201813373,0.166666666666667
"long-drought","ld_3e-5","ld_2.85e-5","tolerance",108,"resident","r_s",-1.14469728736803,-1.14471778047779,0.00814448762245535,2.04931097571581e-05,0.00251619386106698,0.166666666666667
"long-drought","ld_3e-5","ld_2.85e-5","tolerance",108,"resident","r_b",-0.389197077705128,-0.389204045362446,0.00276912579163486,6.96765731811322e-06,0.00251619386131231,0.166666666666667
"long-drought","ld_3e-5","ld_2.85e-5","tolerance",108,"resident","r_r",-1.31658930119866,-1.31654386917916,0.0112957691468244,4.54320194975821e-05,0.00402203859755354,0.166666666666667
"long-drought","ld_3e-5","ld_2.85e-5","tolerance",108,"resident","r_l",-7.98387726322952,-7.98360176071163,0.0684982282477256,0.000275502517894211,0.00402203859781378,0.166666666666667
"long-drought","ld_3e-5","ld_2.85e-5","tolerance",108,"resident","a_y",6.26453485590712,6.26302746354112,0.0846037032400881,0.00150739236599406,0.0178170967494932,0.166666666666667
"long-drought","ld_3e-5","ld_2.85e-5","tolerance",108,"resident","a_bio",6.26453485590713,6.26302746354115,0.0846037032400873,0.00150739236598341,0.0178170967493674,0.166666666666667
"long-drought","ld_3e-5","ld_2.85e-5","tolerance",108,"resident","k_l",-0.324592086987402,-0.324580886171771,0.00278486030393652,1.12008156304411e-05,0.00402203859727119,0.166666666666667
"long-drought","ld_3e-5","ld_2.85e-5","tolerance",108,"resident","k_b",-0.343912610920474,-0.343918767866033,0.00244692813878182,6.15694555949897e-06,0.00251619386034122,0.166666666666667
"long-drought","ld_3e-5","ld_2.85e-5","tolerance",108,"resident","k_s",-2.02301535835573,-2.02305157568256,0.0143936949340114,3.62173268340094e-05,0.00251619386127394,0.166666666666667
"long-drought","ld_3e-5","ld_2.85e-5","tolerance",108,"resident","k_r",-0.353774449140455,-0.353762241318582,0.00303523240231202,1.22078218731114e-05,0.00402203859704858,0.166666666666667
"long-drought","ld_3e-5","ld_2.85e-5","tolerance",108,"resident","a_f3",-0.750000000000002,-0.750000000000002,NA,3.33066907387547e-16,NA,0.166666666666667
"long-drought","ld_3e-5","ld_2.85e-5","tolerance",108,"resident","a_f1",0.576773159728379,0.576737222343387,0.00121037238280252,3.59373849915245e-05,0.0296911805838749,0.166666666666667
"long-drought","ld_3e-5","ld_2.85e-5","tolerance",108,"resident","a_f2",-0.00208837324954569,-0.00209732340622383,0.00378960082273098,8.95015667814591e-06,0.00236176766282628,0.166666666666667
"long-drought","ld_3e-5","ld_2.85e-5","tolerance",108,"resident","S_D",1,1,NA,2.22044604925031e-16,NA,0.166666666666667
"long-drought","ld_3e-5","ld_2.85e-5","tolerance",108,"resident","a_d0",0.00888166857931369,0.00889211557502009,0.000214789565613506,1.04469957064e-05,0.048638283133355,0.166666666666667
"long-drought","ld_3e-5","ld_2.85e-5","tolerance",108,"resident","d_I",-0.019779820118818,-0.0198072798865348,0.000473163899993009,2.74597677167691e-05,0.0580343676201309,0.166666666666667
"long-drought","ld_3e-5","ld_2.85e-5","tolerance",108,"resident","a_dG1",-0.299621279596392,-0.301538488236028,0.0365917805597071,0.00191720863963568,0.052394516208561,0.166666666666667
"long-drought","ld_3e-5","ld_2.85e-5","tolerance",108,"resident","a_dG2",1.0538028190627,1.05479619653603,0.0189878027926389,0.000993377473334389,0.0523166099934162,0.166666666666667
"long-drought","ld_3e-5","ld_2.85e-5","tolerance",108,"resident","a_st1",0.281975694418582,0.282531905843821,0.0205905072541103,0.00055621142523915,0.027013002563505,0.166666666666667
"long-drought","ld_3e-5","ld_2.85e-5","tolerance",108,"resident","a_st2",0.0882886734062144,0.0885067134747375,0.00451817346276503,0.000218040068523134,0.0482584545104424,0.166666666666667
"long-drought","ld_3e-5","ld_2.85e-5","tolerance",108,"resident","a_st3",-0.00266245890188616,-0.00266352084960843,5.5834829722968e-05,1.0619477222684e-06,0.0190194494643827,0.166666666666667
"long-drought","ld_3e-5","ld_2.85e-5","tolerance",108,"resident","storage_relaxation_offset",-0.0173284190699853,-0.0168700905117142,0.0102229074454081,0.000458328558271135,0.0448334840864676,0.166666666666667
"long-drought","ld_3e-5","ld_2.85e-5","tolerance",108,"resident","k_I",1.81040382823994,1.81001281850564,0.0293274630210281,0.000391009734303616,0.01333254547191,0.166666666666667
"long-drought","ld_3e-5","ld_2.85e-5","tolerance",108,"resident","vcmax_25",6.23644331933463,6.23564895449365,0.0510500456143165,0.000794364840979611,0.0155605118745837,0.166666666666667
"long-drought","ld_3e-5","ld_2.85e-5","tolerance",108,"resident","stem_P50",7.31878389128861,7.31884519739899,0.0670692512618307,6.13061103882373e-05,0.000914071787515642,0.166666666666667
"long-drought","ld_3e-5","ld_2.85e-5","tolerance",108,"resident","K_s",2.34834654741005,2.34847187664134,0.0198311391066108,0.000125329231293936,0.00631982008800275,0.166666666666667
"long-drought","ld_3e-5","ld_2.85e-5","tolerance",108,"resident","stem_c",1.318010557008,1.31785886841957,0.0166223969748096,0.000151688588432952,0.00912555443494874,0.166666666666667
"long-drought","ld_3e-5","ld_2.85e-5","tolerance",108,"resident","TF24_beta2",3.31182634713853,3.31166222067224,0.0326731025545285,0.000164126466290604,0.00502328990694078,0.166666666666667
"long-drought","ld_3e-5","ld_2.85e-5","tolerance",108,"resident","TF24_cost_scale",-2.481738069825,-2.48161574171087,0.0196115012110622,0.000122328114132042,0.0062375701286468,0.166666666666667
"long-drought","ld_3e-5","ld_2.85e-5","tolerance",108,"resident","TF24_floor_lambda_o",-1.99861579809432e-05,-1.99823942616235e-05,4.04248218662552e-07,3.76371931975586e-09,0.0093104165856514,0.166666666666667
"long-drought","ld_3e-5","ld_2.85e-5","tolerance",108,"resident","jmax_25",4.60678936895641,4.60599957889986,0.0693568867216854,0.000789790056544781,0.0113873343207293,0.166666666666667
"long-drought","ld_3e-5","ld_2.85e-5","tolerance",108,"resident","a",1.16536790439338,1.16555675310297,0.035416347525355,0.000188848709588907,0.005332246908118,0.166666666666667
"long-drought","ld_3e-5","ld_2.85e-5","tolerance",108,"resident","curv_fact_elec_trans",1.95239139610953,1.95219872651168,0.0390362431143479,0.000192669597849138,0.00493565933803505,0.166666666666667
"long-drought","ld_3e-5","ld_2.85e-5","tolerance",108,"resident","curv_fact_colim",60.2372581254221,60.2285785677197,0.598065496775702,0.00867955770245032,0.0145127210134068,0.166666666666667
"long-drought","ld_3e-5","ld_2.85e-5","tolerance",108,"resident","R_d_25",-1.05950520023135,-1.05942976155645,0.0118378365536557,7.54386748993419e-05,0.00637267414171598,0.166666666666667
"long-drought","ld_3e-5","ld_2.85e-5","tolerance",108,"resident","root_c",0.194210084530347,0.194268666957277,0.00320317290520615,5.85824269304092e-05,0.0182888743955078,0.166666666666667
"long-drought","ld_3e-5","ld_2.85e-5","tolerance",108,"resident","root_P50",-0.369794758014643,-0.370068871693484,0.0107532495844038,0.000274113678840393,0.0254912412000517,0.166666666666667
"long-drought","ld_3e-5","ld_2.85e-5","tolerance",108,"resident","rooting_depth_max",0.233905519698204,0.234051121649885,0.00538891110015255,0.000145601951681784,0.0270188075059658,0.166666666666667
"long-drought","ld_3e-5","ld_2.85e-5","tolerance",108,"resident","D_c",4.88909756833418,4.88943345237282,0.041621318781194,0.000335884038639378,0.00806999990570079,0.166666666666667
"long-drought","ld_3e-5","ld_2.85e-5","tolerance",108,"resident","L_tip",-0.921139681964704,-0.921197477342425,0.0077914604431711,5.77953777202156e-05,0.00741778491231011,0.166666666666667
"long-drought","ld_3e-5","ld_2.85e-5","tolerance",108,"resident","recruitment_decay",5.24797382205783,5.24835700071969,0.0678554143719225,0.000383178661863326,0.00564698728038244,0.166666666666667
"long-drought","ld_3e-5","ld_2.85e-5","tolerance",108,"invader","ln J",2.539122889329,2.53913181547884,0.0252373006179605,8.92614983438733e-06,0.00035368877082024,0.166666666666667
"long-drought","ld_3e-5","ld_2.85e-5","tolerance",108,"invader","lma",-27.0692404775572,-27.0630528772361,0.197819614061448,0.00618760032110188,0.031279003098145,0.166666666666667
"long-drought","ld_3e-5","ld_2.85e-5","tolerance",108,"invader","rho",-12.0879063345777,-12.0858026222704,0.107345694889346,0.00210371230728512,0.0195975470600257,0.166666666666667
"long-drought","ld_3e-5","ld_2.85e-5","tolerance",108,"invader","hmat",-8.50282694314759,-8.50234895149882,0.0817500420917349,0.000477991648773823,0.00584698963503224,0.166666666666667
"long-drought","ld_3e-5","ld_2.85e-5","tolerance",108,"invader","omega",0.0895622119100477,0.089488208558129,0.00423067333366896,7.40033519187333e-05,0.0174920978487733,0.166666666666667
"long-drought","ld_3e-5","ld_2.85e-5","tolerance",108,"invader","theta",-6.42075344333794,-6.42015526702703,0.0853095809423807,0.00059817631090997,0.00701183037476162,0.166666666666667
"long-drought","ld_3e-5","ld_2.85e-5","tolerance",108,"invader","a_l1",-2.10395609874207,-2.10420480869903,0.0131433109672616,0.000248709956953252,0.0189229302702157,0.166666666666667
"long-drought","ld_3e-5","ld_2.85e-5","tolerance",108,"invader","a_l2",3.42619264478964,3.42546508445588,0.0671005775963974,0.000727560333757538,0.0108428326524063,0.166666666666667
"long-drought","ld_3e-5","ld_2.85e-5","tolerance",108,"invader","a_r1",8.28492389203752,8.28275273658654,0.0604501754367512,0.0021711554509789,0.035916445821577,0.166666666666667
"long-drought","ld_3e-5","ld_2.85e-5","tolerance",108,"invader","a_b1",-2.25759550365919,-2.25724316734373,0.0174329522695687,0.000352336315452728,0.0202109378838703,0.166666666666667
"long-drought","ld_3e-5","ld_2.85e-5","tolerance",108,"invader","r_s",-1.80555479892253,-1.80519320250125,0.01395155257935,0.000361596421279753,0.0259180058436621,0.166666666666667
"long-drought","ld_3e-5","ld_2.85e-5","tolerance",108,"invader","r_b",-0.613888631633658,-0.613765688850424,0.00474352787697887,0.000122942783234103,0.0259180058434494,0.166666666666667
"long-drought","ld_3e-5","ld_2.85e-5","tolerance",108,"invader","r_r",-3.69724536551811,-3.69637444762229,0.0265748956494436,0.000870917895822387,0.0327722037862686,0.166666666666667
"long-drought","ld_3e-5","ld_2.85e-5","tolerance",108,"invader","r_l",-22.4203198244635,-22.4150385255952,0.161151776757663,0.00528129886830797,0.0327722037855648,0.166666666666667
"long-drought","ld_3e-5","ld_2.85e-5","tolerance",108,"invader","a_y",16.7774431626088,16.7746091841382,0.147725816745313,0.00283397847059774,0.0191840433380962,0.166666666666667
"long-drought","ld_3e-5","ld_2.85e-5","tolerance",108,"invader","a_bio",16.7774431626089,16.7746091841383,0.147725816745314,0.00283397847066169,0.019184043338529,0.166666666666667
"long-drought","ld_3e-5","ld_2.85e-5","tolerance",108,"invader","k_l",-0.911519323607922,-0.911304607403603,0.00655177801647952,0.000214716204319121,0.0327722037863692,0.166666666666667
"long-drought","ld_3e-5","ld_2.85e-5","tolerance",108,"invader","k_b",-0.542460501924643,-0.542351863972309,0.00419160150627316,0.000108637952333956,0.0259180058436778,0.166666666666667
"long-drought","ld_3e-5","ld_2.85e-5","tolerance",108,"invader","k_s",-3.19094412896847,-3.19030508219005,0.0246564794486647,0.000639046778414532,0.0259180058428471,0.166666666666667
"long-drought","ld_3e-5","ld_2.85e-5","tolerance",108,"invader","k_r",-0.993469217266496,-0.993235197060985,0.00714081381398727,0.000234020205510443,0.0327722037860796,0.166666666666667
"long-drought","ld_3e-5","ld_2.85e-5","tolerance",108,"invader","a_f3",-0.750000000000002,-0.750000000000002,NA,3.33066907387547e-16,NA,0.166666666666667
"long-drought","ld_3e-5","ld_2.85e-5","tolerance",108,"invader","a_f1",0.54586352326146,0.545832527319491,0.00127291503835189,3.0995941969536e-05,0.0243503619924768,0.166666666666667
"long-drought","ld_3e-5","ld_2.85e-5","tolerance",108,"invader","a_f2",0.000739728182796119,0.000736520668460265,0.0037105447466109,3.20751433585426e-06,0.000864432193893877,0.166666666666667
"long-drought","ld_3e-5","ld_2.85e-5","tolerance",108,"invader","S_D",1,1,NA,2.22044604925031e-16,NA,0.166666666666667
"long-drought","ld_3e-5","ld_2.85e-5","tolerance",108,"invader","a_d0",-0.00522328118704036,-0.00522397650367755,4.06577172294892e-05,6.95316637191502e-07,0.017101713636967,0.166666666666667
"long-drought","ld_3e-5","ld_2.85e-5","tolerance",108,"invader","d_I",-0.167801524464132,-0.167801508939596,0.000496650144011525,1.55245366562085e-08,3.12584962340174e-05,0.166666666666667
"long-drought","ld_3e-5","ld_2.85e-5","tolerance",108,"invader","a_dG1",-5.30473413111181,-5.30473106544129,0.0373210585036517,3.06567051833184e-06,8.21431824617697e-05,0.166666666666667
"long-drought","ld_3e-5","ld_2.85e-5","tolerance",108,"invader","a_dG2",3.97031322317954,3.97031152120835,0.0500238045054518,1.70197119819804e-06,3.40232258426596e-05,0.166666666666667
"long-drought","ld_3e-5","ld_2.85e-5","tolerance",108,"invader","a_st1",1.64410792109537,1.64414832694696,0.0228273713223395,4.04058515861561e-05,0.00177006152025108,0.166666666666667
"long-drought","ld_3e-5","ld_2.85e-5","tolerance",108,"invader","a_st2",0.531200957241665,0.531221912069546,0.0114492275027067,2.09548278815586e-05,0.0018302394529766,0.166666666666667
"long-drought","ld_3e-5","ld_2.85e-5","tolerance",108,"invader","a_st3",0.00382714513522783,0.00382642555871133,0.000120867284167558,7.19576516500491e-07,0.00595344324526184,0.166666666666667
"long-drought","ld_3e-5","ld_2.85e-5","tolerance",108,"invader","storage_relaxation_offset",1.50387329520102,1.50387442432778,0.0163728971531554,1.12912676519805e-06,6.89631623918462e-05,0.166666666666667
"long-drought","ld_3e-5","ld_2.85e-5","tolerance",108,"invader","k_I",8.88504245743892,8.88294875462356,0.0718059931218581,0.0020937028153547,0.0291577725525165,0.166666666666667
"long-drought","ld_3e-5","ld_2.85e-5","tolerance",108,"invader","vcmax_25",12.7776896991562,12.7748744717605,0.0898070914112696,0.00281522739564544,0.0313474955196262,0.166666666666667
"long-drought","ld_3e-5","ld_2.85e-5","tolerance",108,"invader","stem_P50",26.7339930594333,26.7260570474015,0.216822964856134,0.00793601203183059,0.0366013444982466,0.166666666666667
"long-drought","ld_3e-5","ld_2.85e-5","tolerance",108,"invader","K_s",5.66715289123979,5.66564735524344,0.0453144918293449,0.00150553599635472,0.0332241615336788,0.166666666666667
"long-drought","ld_3e-5","ld_2.85e-5","tolerance",108,"invader","stem_c",-2.15672395022435,-2.1556227396817,0.0696020987051458,0.00110121054264845,0.0158215134763893,0.166666666666667
"long-drought","ld_3e-5","ld_2.85e-5","tolerance",108,"invader","TF24_beta2",8.89028485021355,8.88807510278696,0.0669478234759473,0.00220974742658342,0.0330070092178176,0.166666666666667
"long-drought","ld_3e-5","ld_2.85e-5","tolerance",108,"invader","TF24_cost_scale",-9.63597277122014,-9.63284822385605,0.0782814656176295,0.00312454736408618,0.0399142675655592,0.166666666666667
"long-drought","ld_3e-5","ld_2.85e-5","tolerance",108,"invader","TF24_floor_lambda_o",-9.93659452862282e-05,-9.93446821320847e-05,7.24071295789851e-07,2.12631541434332e-08,0.0293661056128988,0.166666666666667
"long-drought","ld_3e-5","ld_2.85e-5","tolerance",108,"invader","jmax_25",17.2479573769149,17.2444194499055,0.135694034401089,0.00353792700932587,0.0260728264506334,0.166666666666667
"long-drought","ld_3e-5","ld_2.85e-5","tolerance",108,"invader","a",8.88504245743897,8.88294875462356,0.0718059931218568,0.00209370281540977,0.0291577725532839,0.166666666666667
"long-drought","ld_3e-5","ld_2.85e-5","tolerance",108,"invader","curv_fact_elec_trans",9.70657353753058,9.70442293260099,0.0777062281503751,0.00215060492958408,0.027676094706621,0.166666666666667
"long-drought","ld_3e-5","ld_2.85e-5","tolerance",108,"invader","curv_fact_colim",156.303859428819,156.270134294473,1.16185973887142,0.033725134345616,0.02902685515067,0.166666666666667
"long-drought","ld_3e-5","ld_2.85e-5","tolerance",108,"invader","R_d_25",-3.4206175725976,-3.41983307578038,0.0248968244403105,0.000784496817225033,0.0315099148128648,0.166666666666667
"long-drought","ld_3e-5","ld_2.85e-5","tolerance",108,"invader","root_c",0.162700954815219,0.162572363514553,0.00223308377758971,0.000128591300666114,0.0575846289138825,0.166666666666667
"long-drought","ld_3e-5","ld_2.85e-5","tolerance",108,"invader","root_P50",0.797676978853125,0.797379063025836,0.0115197897655194,0.000297915827289108,0.025861220851514,0.166666666666667
"long-drought","ld_3e-5","ld_2.85e-5","tolerance",108,"invader","rooting_depth_max",0.345518576106123,0.3453682514071,0.00640993799840723,0.000150324699022819,0.0234518179520882,0.166666666666667
"long-drought","ld_3e-5","ld_2.85e-5","tolerance",108,"invader","D_c",10.4573407684999,10.4546384120199,0.0854537218083385,0.00270235648000394,0.0316236253122476,0.166666666666667
"long-drought","ld_3e-5","ld_2.85e-5","tolerance",108,"invader","L_tip",-2.16829900765687,-2.16772385248005,0.0174299078823671,0.00057515517681983,0.0329981765079599,0.166666666666667
"long-drought","ld_3e-5","ld_2.85e-5","tolerance",108,"invader","recruitment_decay",-1.05598165490701,-1.0559841071193,0.0313080603292074,2.45221228367676e-06,7.83252701665801e-05,0.166666666666667
"long-drought","ld_3e-5","ld_3.15e-5","tolerance",108,"resident","ln J",2.539122889329,2.53914613285459,0.0252373006179605,2.3243525584693e-05,0.000920998879260146,0.166666666666667
"long-drought","ld_3e-5","ld_3.15e-5","tolerance",108,"resident","lma",-8.27746076339076,-8.28448343600031,0.0865187830441221,0.00702267260954592,0.0811693410662579,0.166666666666667
"long-drought","ld_3e-5","ld_3.15e-5","tolerance",108,"resident","rho",-6.08590736938717,-6.0866234588732,0.067304081071671,0.000716089486035187,0.0106396146360372,0.166666666666667
"long-drought","ld_3e-5","ld_3.15e-5","tolerance",108,"resident","hmat",-9.06043359764503,-9.06036382896264,0.0823821739925302,6.9768682390503e-05,0.000846890522661239,0.166666666666667
"long-drought","ld_3e-5","ld_3.15e-5","tolerance",108,"resident","omega",-0.290813760787444,-0.290632787784505,0.00163621838907992,0.000180973002938623,0.110604430402709,0.166666666666667
"long-drought","ld_3e-5","ld_3.15e-5","tolerance",108,"resident","theta",-3.73756082197713,-3.73699399542662,0.052136021104462,0.000566826550513433,0.0108720715257061,0.166666666666667
"long-drought","ld_3e-5","ld_3.15e-5","tolerance",108,"resident","a_l1",1.51174637722593,1.51017440561656,0.0155928426200379,0.00157197160937006,0.100813664812468,0.166666666666667
"long-drought","ld_3e-5","ld_3.15e-5","tolerance",108,"resident","a_l2",1.7720890138254,1.77220156112934,0.0484017955046249,0.000112547303937838,0.00232527125831693,0.166666666666667
"long-drought","ld_3e-5","ld_3.15e-5","tolerance",108,"resident","a_r1",2.43115071416232,2.43342342199843,0.0282484728355013,0.00227270783611289,0.0804541841729815,0.166666666666667
"long-drought","ld_3e-5","ld_3.15e-5","tolerance",108,"resident","a_b1",-1.09157150401671,-1.09205023021033,0.0093530811969132,0.000478726193619217,0.0511837953226805,0.166666666666667
"long-drought","ld_3e-5","ld_3.15e-5","tolerance",108,"resident","r_s",-1.14469728736803,-1.14504531227087,0.00814448762245535,0.000348024902844468,0.0427313440669884,0.166666666666667
"long-drought","ld_3e-5","ld_3.15e-5","tolerance",108,"resident","r_b",-0.389197077705128,-0.389315406172096,0.00276912579163486,0.000118328466968742,0.042731344067574,0.166666666666667
"long-drought","ld_3e-5","ld_3.15e-5","tolerance",108,"resident","r_r",-1.31658930119866,-1.31750104177554,0.0112957691468244,0.000911740576884368,0.0807152275363814,0.166666666666667
"long-drought","ld_3e-5","ld_3.15e-5","tolerance",108,"resident","r_l",-7.98387726322952,-7.98940611330842,0.0684982282477256,0.00552885007889614,0.0807152275369943,0.166666666666667
"long-drought","ld_3e-5","ld_3.15e-5","tolerance",108,"resident","a_y",6.26453485590712,6.26664013485311,0.0846037032400881,0.00210527894599455,0.0248840046637225,0.166666666666667
"long-drought","ld_3e-5","ld_3.15e-5","tolerance",108,"resident","a_bio",6.26453485590713,6.26664013485312,0.0846037032400873,0.00210527894599455,0.0248840046637228,0.166666666666667
"long-drought","ld_3e-5","ld_3.15e-5","tolerance",108,"resident","k_l",-0.324592086987402,-0.324816867620491,0.00278486030393652,0.000224780633089894,0.0807152275366045,0.166666666666667
"long-drought","ld_3e-5","ld_3.15e-5","tolerance",108,"resident","k_b",-0.343912610920474,-0.344017171448679,0.00244692813878182,0.000104560528205289,0.0427313440669096,0.166666666666667
"long-drought","ld_3e-5","ld_3.15e-5","tolerance",108,"resident","k_s",-2.02301535835573,-2.02363042028635,0.0143936949340114,0.000615061930616445,0.0427313440667061,0.166666666666667
"long-drought","ld_3e-5","ld_3.15e-5","tolerance",108,"resident","k_r",-0.353774449140455,-0.354019438614436,0.00303523240231202,0.000244989473980994,0.0807152275372321,0.166666666666667
"long-drought","ld_3e-5","ld_3.15e-5","tolerance",108,"resident","a_f3",-0.750000000000002,-0.749999999999996,NA,6.43929354282591e-15,NA,0.166666666666667
"long-drought","ld_3e-5","ld_3.15e-5","tolerance",108,"resident","a_f1",0.576773159728379,0.57676737177309,0.00121037238280252,5.78795528893838e-06,0.00478196245318886,0.166666666666667
"long-drought","ld_3e-5","ld_3.15e-5","tolerance",108,"resident","a_f2",-0.00208837324954569,-0.00208811936708084,0.00378960082273098,2.53882464853767e-07,6.69945138630212e-05,0.166666666666667
"long-drought","ld_3e-5","ld_3.15e-5","tolerance",108,"resident","S_D",1,1,NA,6.66133814775094e-16,NA,0.166666666666667
"long-drought","ld_3e-5","ld_3.15e-5","tolerance",108,"resident","a_d0",0.00888166857931369,0.00887844659058501,0.000214789565613506,3.22198872868516e-06,0.0150006762175907,0.166666666666667
"long-drought","ld_3e-5","ld_3.15e-5","tolerance",108,"resident","d_I",-0.019779820118818,-0.0198576751254276,0.000473163899993009,7.78550066095202e-05,0.164541307167919,0.166666666666667
"long-drought","ld_3e-5","ld_3.15e-5","tolerance",108,"resident","a_dG1",-0.299621279596392,-0.308345656561245,0.0365917805597071,0.00872437696485268,0.23842449947515,0.166666666666667
"long-drought","ld_3e-5","ld_3.15e-5","tolerance",108,"resident","a_dG2",1.0538028190627,1.05657530832564,0.0189878027926389,0.00277248926294593,0.146014222562958,0.166666666666667
"long-drought","ld_3e-5","ld_3.15e-5","tolerance",108,"resident","a_st1",0.281975694418582,0.28420634265638,0.0205905072541103,0.00223064823779839,0.108333816659767,0.166666666666667
"long-drought","ld_3e-5","ld_3.15e-5","tolerance",108,"resident","a_st2",0.0882886734062144,0.0888224904865019,0.00451817346276503,0.000533817080287574,0.118148868051845,0.166666666666667
"long-drought","ld_3e-5","ld_3.15e-5","tolerance",108,"resident","a_st3",-0.00266245890188616,-0.00266222433591451,5.5834829722968e-05,2.34565971652789e-07,0.0042010689889558,0.166666666666667
"long-drought","ld_3e-5","ld_3.15e-5","tolerance",108,"resident","storage_relaxation_offset",-0.0173284190699853,-0.0157072814399689,0.0102229074454081,0.00162113763001641,0.158578920788781,0.166666666666667
"long-drought","ld_3e-5","ld_3.15e-5","tolerance",108,"resident","k_I",1.81040382823994,1.81217936965666,0.0293274630210281,0.00177554141671532,0.0605419369361147,0.166666666666667
"long-drought","ld_3e-5","ld_3.15e-5","tolerance",108,"resident","vcmax_25",6.23644331933463,6.23832136251347,0.0510500456143165,0.00187804317883966,0.0367882762148401,0.166666666666667
"long-drought","ld_3e-5","ld_3.15e-5","tolerance",108,"resident","stem_P50",7.31878389128861,7.32387303772338,0.0670692512618307,0.00508914643477709,0.0758789808896128,0.166666666666667
"long-drought","ld_3e-5","ld_3.15e-5","tolerance",108,"resident","K_s",2.34834654741005,2.34962946344658,0.0198311391066108,0.00128291603653796,0.0646919992664615,0.166666666666667
"long-drought","ld_3e-5","ld_3.15e-5","tolerance",108,"resident","stem_c",1.318010557008,1.31762921583481,0.0166223969748096,0.000381341173193883,0.0229414069325733,0.166666666666667
"long-drought","ld_3e-5","ld_3.15e-5","tolerance",108,"resident","TF24_beta2",3.31182634713853,3.31347372490624,0.0326731025545285,0.00164737776771284,0.0504199980691615,0.166666666666667
"long-drought","ld_3e-5","ld_3.15e-5","tolerance",108,"resident","TF24_cost_scale",-2.481738069825,-2.48461204359315,0.0196115012110622,0.00287397376815157,0.146545322421848,0.166666666666667
"long-drought","ld_3e-5","ld_3.15e-5","tolerance",108,"resident","TF24_floor_lambda_o",-1.99861579809432e-05,-2.00116503220102e-05,4.04248218662552e-07,2.54923410669877e-08,0.0630611092148498,0.166666666666667
"long-drought","ld_3e-5","ld_3.15e-5","tolerance",108,"resident","jmax_25",4.60678936895641,4.61147825117786,0.0693568867216854,0.00468888222145036,0.0676051426625572,0.166666666666667
"long-drought","ld_3e-5","ld_3.15e-5","tolerance",108,"resident","a",1.16536790439338,1.16786914192641,0.035416347525355,0.00250123753302844,0.0706238137977886,0.166666666666667
"long-drought","ld_3e-5","ld_3.15e-5","tolerance",108,"resident","curv_fact_elec_trans",1.95239139610953,1.95497438141933,0.0390362431143479,0.0025829853097985,0.0661689010961487,0.166666666666667
"long-drought","ld_3e-5","ld_3.15e-5","tolerance",108,"resident","curv_fact_colim",60.2372581254221,60.272300488187,0.598065496775702,0.0350423627648695,0.0585928513746242,0.166666666666667
"long-drought","ld_3e-5","ld_3.15e-5","tolerance",108,"resident","R_d_25",-1.05950520023135,-1.06030633332876,0.0118378365536557,0.00080113309740959,0.0676756342916551,0.166666666666667
"long-drought","ld_3e-5","ld_3.15e-5","tolerance",108,"resident","root_c",0.194210084530347,0.194476514228396,0.00320317290520615,0.000266429698048659,0.083176808100377,0.166666666666667
"long-drought","ld_3e-5","ld_3.15e-5","tolerance",108,"resident","root_P50",-0.369794758014643,-0.37028446586437,0.0107532495844038,0.00048970784972624,0.0455404522960666,0.166666666666667
"long-drought","ld_3e-5","ld_3.15e-5","tolerance",108,"resident","rooting_depth_max",0.233905519698204,0.234484662874087,0.00538891110015255,0.000579143175883062,0.107469424735299,0.166666666666667
"long-drought","ld_3e-5","ld_3.15e-5","tolerance",108,"resident","D_c",4.88909756833418,4.89144352503252,0.041621318781194,0.00234595669833215,0.056364304808913,0.166666666666667
"long-drought","ld_3e-5","ld_3.15e-5","tolerance",108,"resident","L_tip",-0.921139681964704,-0.921640961262222,0.0077914604431711,0.000501279297517754,0.064337013731117,0.166666666666667
"long-drought","ld_3e-5","ld_3.15e-5","tolerance",108,"resident","recruitment_decay",5.24797382205783,5.24934217260078,0.0678554143719225,0.00136835054295403,0.0201656795646986,0.166666666666667
"long-drought","ld_3e-5","ld_3.15e-5","tolerance",108,"invader","ln J",2.539122889329,2.53914613285459,0.0252373006179605,2.3243525584693e-05,0.000920998879260146,0.166666666666667
"long-drought","ld_3e-5","ld_3.15e-5","tolerance",108,"invader","lma",-27.0692404775572,-27.0679770447454,0.197819614061448,0.00126343281186081,0.00638679242124269,0.166666666666667
"long-drought","ld_3e-5","ld_3.15e-5","tolerance",108,"invader","rho",-12.0879063345777,-12.08740593671,0.107345694889346,0.000500397867696734,0.00466155506480771,0.166666666666667
"long-drought","ld_3e-5","ld_3.15e-5","tolerance",108,"invader","hmat",-8.50282694314759,-8.50261562717801,0.0817500420917349,0.000211315969579573,0.00258490349573701,0.166666666666667
"long-drought","ld_3e-5","ld_3.15e-5","tolerance",108,"invader","omega",0.0895622119100477,0.0895443643565004,0.00423067333366896,1.78475535473621e-05,0.0042186082781022,0.166666666666667
"long-drought","ld_3e-5","ld_3.15e-5","tolerance",108,"invader","theta",-6.42075344333794,-6.42078916276738,0.0853095809423807,3.57194294453578e-05,0.000418703609263808,0.166666666666667
"long-drought","ld_3e-5","ld_3.15e-5","tolerance",108,"invader","a_l1",-2.10395609874207,-2.10401674703546,0.0131433109672616,6.06482933860342e-05,0.00461438472673299,0.166666666666667
"long-drought","ld_3e-5","ld_3.15e-5","tolerance",108,"invader","a_l2",3.42619264478964,3.42627318160254,0.0671005775963974,8.05368129066508e-05,0.00120024023326701,0.166666666666667
"long-drought","ld_3e-5","ld_3.15e-5","tolerance",108,"invader","a_r1",8.28492389203752,8.28436472689767,0.0604501754367512,0.000559165139856432,0.00925001682487232,0.166666666666667
"long-drought","ld_3e-5","ld_3.15e-5","tolerance",108,"invader","a_b1",-2.25759550365919,-2.25750065835836,0.0174329522695687,9.48453008260408e-05,0.00544057594832085,0.166666666666667
"long-drought","ld_3e-5","ld_3.15e-5","tolerance",108,"invader","r_s",-1.80555479892253,-1.80540460680506,0.01395155257935,0.000150192117468917,0.0107652619029096,0.166666666666667
"long-drought","ld_3e-5","ld_3.15e-5","tolerance",108,"invader","r_b",-0.613888631633658,-0.61383756631372,0.00474352787697887,5.10653199374822e-05,0.0107652619024989,0.166666666666667
"long-drought","ld_3e-5","ld_3.15e-5","tolerance",108,"invader","r_r",-3.69724536551811,-3.69706007115692,0.0265748956494436,0.000185294361188415,0.0069725339144387,0.166666666666667
"long-drought","ld_3e-5","ld_3.15e-5","tolerance",108,"invader","r_l",-22.4203198244635,-22.4191961882346,0.161151776757663,0.0011236362289111,0.00697253391503588,0.166666666666667
"long-drought","ld_3e-5","ld_3.15e-5","tolerance",108,"invader","a_y",16.7774431626088,16.7769515063478,0.147725816745313,0.000491656261065287,0.00332816749230047,0.166666666666667
"long-drought","ld_3e-5","ld_3.15e-5","tolerance",108,"invader","a_bio",16.7774431626089,16.7769515063478,0.147725816745314,0.000491656261086604,0.00332816749244475,0.166666666666667
"long-drought","ld_3e-5","ld_3.15e-5","tolerance",108,"invader","k_l",-0.911519323607922,-0.911473641113499,0.00655177801647952,4.56824944221612e-05,0.00697253391480255,0.166666666666667
"long-drought","ld_3e-5","ld_3.15e-5","tolerance",108,"invader","k_b",-0.542460501924643,-0.542415378236636,0.00419160150627316,4.51236880074646e-05,0.0107652619028628,0.166666666666667
"long-drought","ld_3e-5","ld_3.15e-5","tolerance",108,"invader","k_s",-3.19094412896847,-3.19067869550962,0.0246564794486647,0.000265433458851216,0.0107652619022052,0.166666666666667
"long-drought","ld_3e-5","ld_3.15e-5","tolerance",108,"invader","k_r",-0.993469217266496,-0.993419427699998,0.00714081381398727,4.97895664974823e-05,0.00697253391482573,0.166666666666667
"long-drought","ld_3e-5","ld_3.15e-5","tolerance",108,"invader","a_f3",-0.750000000000002,-0.749999999999996,NA,6.43929354282591e-15,NA,0.166666666666667
"long-drought","ld_3e-5","ld_3.15e-5","tolerance",108,"invader","a_f1",0.54586352326146,0.545854934868307,0.00127291503835189,8.5883931534303e-06,0.00674702780206772,0.166666666666667
"long-drought","ld_3e-5","ld_3.15e-5","tolerance",108,"invader","a_f2",0.000739728182796119,0.000743135549238762,0.0037105447466109,3.40736644264292e-06,0.000918292777834064,0.166666666666667
"long-drought","ld_3e-5","ld_3.15e-5","tolerance",108,"invader","S_D",1,1,NA,6.66133814775094e-16,NA,0.166666666666667
"long-drought","ld_3e-5","ld_3.15e-5","tolerance",108,"invader","a_d0",-0.00522328118704036,-0.00522238058486464,4.06577172294892e-05,9.00602175716268e-07,0.0221508298322036,0.166666666666667
"long-drought","ld_3e-5","ld_3.15e-5","tolerance",108,"invader","d_I",-0.167801524464132,-0.167801444880051,0.000496650144011525,7.95840814638016e-08,0.000160241736408225,0.166666666666667
"long-drought","ld_3e-5","ld_3.15e-5","tolerance",108,"invader","a_dG1",-5.30473413111181,-5.30470671737752,0.0373210585036517,2.74137342870517e-05,0.000734537962913604,0.166666666666667
"long-drought","ld_3e-5","ld_3.15e-5","tolerance",108,"invader","a_dG2",3.97031322317954,3.97034466954425,0.0500238045054518,3.14463647095309e-05,0.000628628010612502,0.166666666666667
"long-drought","ld_3e-5","ld_3.15e-5","tolerance",108,"invader","a_st1",1.64410792109537,1.64410575224538,0.0228273713223395,2.16884999337807e-06,9.50109394004371e-05,0.166666666666667
"long-drought","ld_3e-5","ld_3.15e-5","tolerance",108,"invader","a_st2",0.531200957241665,0.531204796974608,0.0114492275027067,3.83973294348916e-06,0.000335370481771055,0.166666666666667
"long-drought","ld_3e-5","ld_3.15e-5","tolerance",108,"invader","a_st3",0.00382714513522783,0.00382709732087093,0.000120867284167558,4.78143569030733e-08,0.000395593871678198,0.166666666666667
"long-drought","ld_3e-5","ld_3.15e-5","tolerance",108,"invader","storage_relaxation_offset",1.50387329520102,1.50387868568455,0.0163728971531554,5.39048353553895e-06,0.000329232113603064,0.166666666666667
"long-drought","ld_3e-5","ld_3.15e-5","tolerance",108,"invader","k_I",8.88504245743892,8.88493592209223,0.0718059931218581,0.000106535346693803,0.00148365536164938,0.166666666666667
"long-drought","ld_3e-5","ld_3.15e-5","tolerance",108,"invader","vcmax_25",12.7776896991562,12.7768118937781,0.0898070914112696,0.000877805378063812,0.00977434369902841,0.166666666666667
"long-drought","ld_3e-5","ld_3.15e-5","tolerance",108,"invader","stem_P50",26.7339930594333,26.731841857182,0.216822964856134,0.00215120225132992,0.00992146866341986,0.166666666666667
"long-drought","ld_3e-5","ld_3.15e-5","tolerance",108,"invader","K_s",5.66715289123979,5.66661677394265,0.0453144918293449,0.000536117297141203,0.0118310340797869,0.166666666666667
"long-drought","ld_3e-5","ld_3.15e-5","tolerance",108,"invader","stem_c",-2.15672395022435,-2.15663217803804,0.0696020987051458,9.17721863089582e-05,0.00131852613665762,0.166666666666667
"long-drought","ld_3e-5","ld_3.15e-5","tolerance",108,"invader","TF24_beta2",8.89028485021355,8.88969172290186,0.0669478234759473,0.000593127311683261,0.00885954585060345,0.166666666666667
"long-drought","ld_3e-5","ld_3.15e-5","tolerance",108,"invader","TF24_cost_scale",-9.63597277122014,-9.63526943876746,0.0782814656176295,0.000703332452681948,0.00898466127496153,0.166666666666667
"long-drought","ld_3e-5","ld_3.15e-5","tolerance",108,"invader","TF24_floor_lambda_o",-9.93659452862282e-05,-9.93619777623925e-05,7.24071295789851e-07,3.96752383563222e-09,0.00547946570828258,0.166666666666667
"long-drought","ld_3e-5","ld_3.15e-5","tolerance",108,"invader","jmax_25",17.2479573769149,17.2474508042699,0.135694034401089,0.000506572644976444,0.0037331976104351,0.166666666666667
"long-drought","ld_3e-5","ld_3.15e-5","tolerance",108,"invader","a",8.88504245743897,8.88493592209218,0.0718059931218568,0.000106535346795056,0.00148365536305949,0.166666666666667
"long-drought","ld_3e-5","ld_3.15e-5","tolerance",108,"invader","curv_fact_elec_trans",9.70657353753058,9.70635036831292,0.0777062281503751,0.000223169217660413,0.0028719604975362,0.166666666666667
"long-drought","ld_3e-5","ld_3.15e-5","tolerance",108,"invader","curv_fact_colim",156.303859428819,156.296417079132,1.16185973887142,0.00744234968647106,0.006405549170419,0.166666666666667
"long-drought","ld_3e-5","ld_3.15e-5","tolerance",108,"invader","R_d_25",-3.4206175725976,-3.42048079156933,0.0248968244403105,0.000136781028269084,0.00549391463947593,0.166666666666667
"long-drought","ld_3e-5","ld_3.15e-5","tolerance",108,"invader","root_c",0.162700954815219,0.162630904691124,0.00223308377758971,7.00501240954443e-05,0.0313692324481678,0.166666666666667
"long-drought","ld_3e-5","ld_3.15e-5","tolerance",108,"invader","root_P50",0.797676978853125,0.79777351536441,0.0115197897655194,9.65365112852723e-05,0.00838005842556448,0.166666666666667
"long-drought","ld_3e-5","ld_3.15e-5","tolerance",108,"invader","rooting_depth_max",0.345518576106123,0.345497514613781,0.00640993799840723,2.10614923425445e-05,0.0032857560163262,0.166666666666667
"long-drought","ld_3e-5","ld_3.15e-5","tolerance",108,"invader","D_c",10.4573407684999,10.4562361643686,0.0854537218083385,0.00110460413135804,0.0129263431478798,0.166666666666667
"long-drought","ld_3e-5","ld_3.15e-5","tolerance",108,"invader","L_tip",-2.16829900765687,-2.16808814044032,0.0174299078823671,0.000210867216556387,0.0120980109579185,0.166666666666667
"long-drought","ld_3e-5","ld_3.15e-5","tolerance",108,"invader","recruitment_decay",-1.05598165490701,-1.05595660024861,0.0313080603292074,2.50546584028566e-05,0.000800262237245116,0.166666666666667
"long-drought","ld_3e-5","ld_n215","nodes",215,"resident","ln J",2.539122889329,2.54353361063964,0.0252373006179605,0.00441072131064102,0.233753077243929,0.333333333333333
"long-drought","ld_3e-5","ld_n215","nodes",215,"resident","lma",-8.27746076339076,-8.30469313783198,0.0865187830441221,0.0272323744412208,0.420984133157494,0.333333333333333
"long-drought","ld_3e-5","ld_n215","nodes",215,"resident","rho",-6.08590736938717,-6.09976203352238,0.067304081071671,0.0138546641352066,0.275324730539987,0.333333333333333
"long-drought","ld_3e-5","ld_n215","nodes",215,"resident","hmat",-9.06043359764503,-9.06998953934242,0.0823821739925302,0.00955594169738561,0.155142527610028,0.333333333333333
"long-drought","ld_3e-5","ld_n215","nodes",215,"resident","omega",-0.290813760787444,-0.289130317149732,0.00163621838907992,0.00168344363771228,1.37609346103407,0.333333333333333
"long-drought","ld_3e-5","ld_n215","nodes",215,"resident","theta",-3.73756082197713,-3.74766417940193,0.052136021104462,0.0101033574247933,0.259190126263001,0.333333333333333
"long-drought","ld_3e-5","ld_n215","nodes",215,"resident","a_l1",1.51174637722593,1.50672176895479,0.0155928426200379,0.00502460827114093,0.430990337002085,0.333333333333333
"long-drought","ld_3e-5","ld_n215","nodes",215,"resident","a_l2",1.7720890138254,1.78092481987948,0.0484017955046249,0.00883580605408141,0.244160452922306,0.333333333333333
"long-drought","ld_3e-5","ld_n215","nodes",215,"resident","a_r1",2.43115071416232,2.437536383722,0.0282484728355013,0.00638566955967868,0.30234451000433,0.333333333333333
"long-drought","ld_3e-5","ld_n215","nodes",215,"resident","a_b1",-1.09157150401671,-1.09340113733905,0.0093530811969132,0.00182963332234265,0.261637491444529,0.333333333333333
"long-drought","ld_3e-5","ld_n215","nodes",215,"resident","r_s",-1.14469728736803,-1.14495513320038,0.00814448762245535,0.000257845832352332,0.0423435210175232,0.333333333333333
"long-drought","ld_3e-5","ld_n215","nodes",215,"resident","r_b",-0.389197077705128,-0.389284745288128,0.00276912579163486,8.76675830001061e-05,0.0423435210176738,0.333333333333333
"long-drought","ld_3e-5","ld_n215","nodes",215,"resident","r_r",-1.31658930119866,-1.31939208860956,0.0112957691468244,0.002802787410906,0.331867688085836,0.333333333333333
"long-drought","ld_3e-5","ld_n215","nodes",215,"resident","r_l",-7.98387726322952,-8.0008735358433,0.0684982282477256,0.0169962726137802,0.331867688085255,0.333333333333333
"long-drought","ld_3e-5","ld_n215","nodes",215,"resident","a_y",6.26453485590712,6.29013124362162,0.0846037032400881,0.0255963877144962,0.404650355711922,0.333333333333333
"long-drought","ld_3e-5","ld_n215","nodes",215,"resident","a_bio",6.26453485590713,6.29013124362161,0.0846037032400873,0.0255963877144776,0.404650355711631,0.333333333333333
"long-drought","ld_3e-5","ld_n215","nodes",215,"resident","k_l",-0.324592086987402,-0.325283086537724,0.00278486030393652,0.000690999550322202,0.331867688085578,0.333333333333333
"long-drought","ld_3e-5","ld_n215","nodes",215,"resident","k_b",-0.343912610920474,-0.343990078067809,0.00244692813878182,7.74671473351973e-05,0.0423435210153687,0.333333333333333
"long-drought","ld_3e-5","ld_n215","nodes",215,"resident","k_s",-2.02301535835573,-2.02347104745771,0.0143936949340114,0.00045568910198357,0.042343521016465,0.333333333333333
"long-drought","ld_3e-5","ld_n215","nodes",215,"resident","k_r",-0.353774449140455,-0.354527572814973,0.00303523240231202,0.000753123674518186,0.331867688085502,0.333333333333333
"long-drought","ld_3e-5","ld_n215","nodes",215,"resident","a_f3",-0.750000000000002,-0.749999999999996,NA,5.99520433297585e-15,NA,0.333333333333333
"long-drought","ld_3e-5","ld_n215","nodes",215,"resident","a_f1",0.576773159728379,0.577000034655445,0.00121037238280252,0.000226874927066079,0.250702183684106,0.333333333333333
"long-drought","ld_3e-5","ld_n215","nodes",215,"resident","a_f2",-0.00208837324954569,-0.00107408656631094,0.00378960082273098,0.00101428668323475,0.357979269434518,0.333333333333333
"long-drought","ld_3e-5","ld_n215","nodes",215,"resident","S_D",1,1,NA,2.22044604925031e-16,NA,0.333333333333333
"long-drought","ld_3e-5","ld_n215","nodes",215,"resident","a_d0",0.00888166857931369,0.00878924750227625,0.000214789565613506,9.24210770374446e-05,0.575504157574141,0.333333333333333
"long-drought","ld_3e-5","ld_n215","nodes",215,"resident","d_I",-0.019779820118818,-0.0198792804047993,0.000473163899993009,9.94602859812517e-05,0.281143936040214,0.333333333333333
"long-drought","ld_3e-5","ld_n215","nodes",215,"resident","a_dG1",-0.299621279596392,-0.304092701333058,0.0365917805597071,0.00447142173666593,0.163437876385049,0.333333333333333
"long-drought","ld_3e-5","ld_n215","nodes",215,"resident","a_dG2",1.0538028190627,1.04997305527966,0.0189878027926389,0.00382976378303157,0.26976642409809,0.333333333333333
"long-drought","ld_3e-5","ld_n215","nodes",215,"resident","a_st1",0.281975694418582,0.280455366728341,0.0205905072541103,0.00152032769024141,0.0987553834435747,0.333333333333333
"long-drought","ld_3e-5","ld_n215","nodes",215,"resident","a_st2",0.0882886734062144,0.0864959750160666,0.00451817346276503,0.00179269839014773,0.530682721738967,0.333333333333333
"long-drought","ld_3e-5","ld_n215","nodes",215,"resident","a_st3",-0.00266245890188616,-0.00136399651202485,5.5834829722968e-05,0.00129846238986131,31.1038965306495,0.333333333333333
"long-drought","ld_3e-5","ld_n215","nodes",215,"resident","storage_relaxation_offset",-0.0173284190699853,-0.0151277139178686,0.0102229074454081,0.00220070515211672,0.287924121981444,0.333333333333333
"long-drought","ld_3e-5","ld_n215","nodes",215,"resident","k_I",1.81040382823994,1.82167460664915,0.0293274630210281,0.0112707784092123,0.514008185723468,0.333333333333333
"long-drought","ld_3e-5","ld_n215","nodes",215,"resident","vcmax_25",6.23644331933463,6.23987743509548,0.0510500456143165,0.00343411576085728,0.0899724229343714,0.333333333333333
"long-drought","ld_3e-5","ld_n215","nodes",215,"resident","stem_P50",7.31878389128861,7.33690799865354,0.0670692512618307,0.0181241073649385,0.361429658993167,0.333333333333333
"long-drought","ld_3e-5","ld_n215","nodes",215,"resident","K_s",2.34834654741005,2.35209785412048,0.0198311391066108,0.00375130671043555,0.253002919572098,0.333333333333333
"long-drought","ld_3e-5","ld_n215","nodes",215,"resident","stem_c",1.318010557008,1.31896341881472,0.0166223969748096,0.000952861806724048,0.0766702517935849,0.333333333333333
"long-drought","ld_3e-5","ld_n215","nodes",215,"resident","TF24_beta2",3.31182634713853,3.31919611009654,0.0326731025545285,0.00736976295800851,0.301685031950271,0.333333333333333
"long-drought","ld_3e-5","ld_n215","nodes",215,"resident","TF24_cost_scale",-2.481738069825,-2.48494823278022,0.0196115012110622,0.00321016295522014,0.218930797701736,0.333333333333333
"long-drought","ld_3e-5","ld_n215","nodes",215,"resident","TF24_floor_lambda_o",-1.99861579809432e-05,-2.01220594425576e-05,4.04248218662552e-07,1.35901461614433e-07,0.449641753243504,0.333333333333333
"long-drought","ld_3e-5","ld_n215","nodes",215,"resident","jmax_25",4.60678936895641,4.63156052064276,0.0693568867216854,0.0247711516863554,0.477691186091872,0.333333333333333
"long-drought","ld_3e-5","ld_n215","nodes",215,"resident","a",1.16536790439338,1.18103584231389,0.035416347525355,0.015667937920514,0.591696079074951,0.333333333333333
"long-drought","ld_3e-5","ld_n215","nodes",215,"resident","curv_fact_elec_trans",1.95239139610953,1.96837538435569,0.0390362431143479,0.0159839882461601,0.547655882957207,0.333333333333333
"long-drought","ld_3e-5","ld_n215","nodes",215,"resident","curv_fact_colim",60.2372581254221,60.3927726712769,0.598065496775702,0.155514545854786,0.347786634656821,0.333333333333333
"long-drought","ld_3e-5","ld_n215","nodes",215,"resident","R_d_25",-1.05950520023135,-1.06319104771392,0.0118378365536557,0.00368584748256451,0.416443071504041,0.333333333333333
"long-drought","ld_3e-5","ld_n215","nodes",215,"resident","root_c",0.194210084530347,0.195505419043263,0.00320317290520615,0.00129533451291636,0.540869104763184,0.333333333333333
"long-drought","ld_3e-5","ld_n215","nodes",215,"resident","root_P50",-0.369794758014643,-0.372158009984453,0.0107532495844038,0.00236325196980941,0.293941511060964,0.333333333333333
"long-drought","ld_3e-5","ld_n215","nodes",215,"resident","rooting_depth_max",0.233905519698204,0.230734785265243,0.00538891110015255,0.00317073443296076,0.786954221727177,0.333333333333333
"long-drought","ld_3e-5","ld_n215","nodes",215,"resident","D_c",4.88909756833418,4.89461537180238,0.041621318781194,0.00551780346819353,0.177313176794461,0.333333333333333
"long-drought","ld_3e-5","ld_n215","nodes",215,"resident","L_tip",-0.921139681964704,-0.922567318559879,0.0077914604431711,0.00142763659517453,0.24506958850818,0.333333333333333
"long-drought","ld_3e-5","ld_n215","nodes",215,"resident","recruitment_decay",5.24797382205783,5.23190862971559,0.0678554143719225,0.0160651923422437,0.316659150556118,0.333333333333333
"long-drought","ld_3e-5","ld_n215","nodes",215,"invader","ln J",2.539122889329,2.54353361063964,0.0252373006179605,0.00441072131064102,0.233753077243929,0.333333333333333
"long-drought","ld_3e-5","ld_n215","nodes",215,"invader","lma",-27.0692404775572,-26.9727070522,0.197819614061448,0.0965334253572152,0.652678018536697,0.333333333333333
"long-drought","ld_3e-5","ld_n215","nodes",215,"invader","rho",-12.0879063345777,-12.0657547354122,0.107345694889346,0.0221515991655252,0.27600126485258,0.333333333333333
"long-drought","ld_3e-5","ld_n215","nodes",215,"invader","hmat",-8.50282694314759,-8.50625821604637,0.0817500420917349,0.00343127289877998,0.0561381239340959,0.333333333333333
"long-drought","ld_3e-5","ld_n215","nodes",215,"invader","omega",0.0895622119100477,0.085016993855383,0.00423067333366896,0.00454521805466472,1.43693078690887,0.333333333333333
"long-drought","ld_3e-5","ld_n215","nodes",215,"invader","theta",-6.42075344333794,-6.40396783726546,0.0853095809423807,0.0167856060724709,0.263166035476156,0.333333333333333
"long-drought","ld_3e-5","ld_n215","nodes",215,"invader","a_l1",-2.10395609874207,-2.11929399489097,0.0131433109672616,0.0153378961488997,1.56081571610409,0.333333333333333
"long-drought","ld_3e-5","ld_n215","nodes",215,"invader","a_l2",3.42619264478964,3.41821556509928,0.0671005775963974,0.0079770796903551,0.159004088625132,0.333333333333333
"long-drought","ld_3e-5","ld_n215","nodes",215,"invader","a_r1",8.28492389203752,8.27085330076096,0.0604501754367512,0.0140705912765622,0.31131883889982,0.333333333333333
"long-drought","ld_3e-5","ld_n215","nodes",215,"invader","a_b1",-2.25759550365919,-2.25407334900451,0.0174329522695687,0.00352215465467864,0.270226602054645,0.333333333333333
"long-drought","ld_3e-5","ld_n215","nodes",215,"invader","r_s",-1.80555479892253,-1.80446076273636,0.01395155257935,0.00109403618616977,0.104881711697799,0.333333333333333
"long-drought","ld_3e-5","ld_n215","nodes",215,"invader","r_b",-0.613888631633658,-0.613516659330356,0.00474352787697887,0.000371972303301993,0.104881711699006,0.333333333333333
"long-drought","ld_3e-5","ld_n215","nodes",215,"invader","r_r",-3.69724536551811,-3.68726654933174,0.0265748956494436,0.00997881618636498,0.50222470781312,0.333333333333333
"long-drought","ld_3e-5","ld_n215","nodes",215,"invader","r_l",-22.4203198244635,-22.3598076787305,0.161151776757663,0.0605121457329822,0.502224707815333,0.333333333333333
"long-drought","ld_3e-5","ld_n215","nodes",215,"invader","a_y",16.7774431626088,16.7153888620011,0.147725816745313,0.0620543006077661,0.561831526201565,0.333333333333333
"long-drought","ld_3e-5","ld_n215","nodes",215,"invader","a_bio",16.7774431626089,16.7153888620011,0.147725816745314,0.06205430060783,0.56183152620214,0.333333333333333
"long-drought","ld_3e-5","ld_n215","nodes",215,"invader","k_l",-0.911519323607922,-0.909059145047563,0.00655177801647952,0.00246017856035907,0.502224707814846,0.333333333333333
"long-drought","ld_3e-5","ld_n215","nodes",215,"invader","k_b",-0.542460501924643,-0.54213180992425,0.00419160150627316,0.000328692000393649,0.104881711698649,0.333333333333333
"long-drought","ld_3e-5","ld_n215","nodes",215,"invader","k_s",-3.19094412896847,-3.18901064661326,0.0246564794486647,0.00193348235521063,0.104881711696151,0.333333333333333
"long-drought","ld_3e-5","ld_n215","nodes",215,"invader","k_r",-0.993469217266496,-0.990787857030467,0.00714081381398727,0.00268136023602872,0.502224707814501,0.333333333333333
"long-drought","ld_3e-5","ld_n215","nodes",215,"invader","a_f3",-0.750000000000002,-0.749999999999996,NA,5.99520433297585e-15,NA,0.333333333333333
"long-drought","ld_3e-5","ld_n215","nodes",215,"invader","a_f1",0.54586352326146,0.545838557883466,0.00127291503835189,2.49653779941239e-05,0.0262318758641649,0.333333333333333
"long-drought","ld_3e-5","ld_n215","nodes",215,"invader","a_f2",0.000739728182796119,0.00181501796989817,0.0037105447466109,0.00107528978710205,0.387595269128501,0.333333333333333
"long-drought","ld_3e-5","ld_n215","nodes",215,"invader","S_D",1,1,NA,2.22044604925031e-16,NA,0.333333333333333
"long-drought","ld_3e-5","ld_n215","nodes",215,"invader","a_d0",-0.00522328118704036,-0.0052053057518378,4.06577172294892e-05,1.79754352025588e-05,0.591326092201371,0.333333333333333
"long-drought","ld_3e-5","ld_n215","nodes",215,"invader","d_I",-0.167801524464132,-0.167785666121947,0.000496650144011525,1.58583421853986e-05,0.0427068794131599,0.333333333333333
"long-drought","ld_3e-5","ld_n215","nodes",215,"invader","a_dG1",-5.30473413111181,-5.2985717017295,0.0373210585036517,0.0061624293823126,0.220845534694668,0.333333333333333
"long-drought","ld_3e-5","ld_n215","nodes",215,"invader","a_dG2",3.97031322317954,3.96770413904453,0.0500238045054518,0.00260908413501282,0.0697592793366866,0.333333333333333
"long-drought","ld_3e-5","ld_n215","nodes",215,"invader","a_st1",1.64410792109537,1.64311284500015,0.0228273713223395,0.000995076095222647,0.0583030144517344,0.333333333333333
"long-drought","ld_3e-5","ld_n215","nodes",215,"invader","a_st2",0.531200957241665,0.530927340988931,0.0114492275027067,0.000273616252734032,0.0319636469787021,0.333333333333333
"long-drought","ld_3e-5","ld_n215","nodes",215,"invader","a_st3",0.00382714513522783,0.00352980078237349,0.000120867284167558,0.000297344352854345,3.29034586168028,0.333333333333333
"long-drought","ld_3e-5","ld_n215","nodes",215,"invader","storage_relaxation_offset",1.50387329520102,1.50314377609233,0.0163728971531554,0.000729519108686461,0.0595938931721798,0.333333333333333
"long-drought","ld_3e-5","ld_n215","nodes",215,"invader","k_I",8.88504245743892,8.84186223032809,0.0718059931218581,0.0431802271108275,0.80429403703139,0.333333333333333
"long-drought","ld_3e-5","ld_n215","nodes",215,"invader","vcmax_25",12.7776896991562,12.7572383536208,0.0898070914112696,0.0204513455354114,0.304580345598274,0.333333333333333
"long-drought","ld_3e-5","ld_n215","nodes",215,"invader","stem_P50",26.7339930594333,26.6855337993788,0.216822964856134,0.0484592600544858,0.298924918514103,0.333333333333333
"long-drought","ld_3e-5","ld_n215","nodes",215,"invader","K_s",5.66715289123979,5.6617868981467,0.0453144918293449,0.0053659930930916,0.158381194878638,0.333333333333333
"long-drought","ld_3e-5","ld_n215","nodes",215,"invader","stem_c",-2.15672395022435,-2.16198564316827,0.0696020987051458,0.00526169294391554,0.101109924286426,0.333333333333333
"long-drought","ld_3e-5","ld_n215","nodes",215,"invader","TF24_beta2",8.89028485021355,8.86614522306943,0.0669478234759473,0.0241396271441126,0.482263857093501,0.333333333333333
"long-drought","ld_3e-5","ld_n215","nodes",215,"invader","TF24_cost_scale",-9.63597277122014,-9.61685872721311,0.0782814656176295,0.0191140440070292,0.326575990913219,0.333333333333333
"long-drought","ld_3e-5","ld_n215","nodes",215,"invader","TF24_floor_lambda_o",-9.93659452862282e-05,-9.90492118304972e-05,7.24071295789851e-07,3.1673345573098e-07,0.5850638003367,0.333333333333333
"long-drought","ld_3e-5","ld_n215","nodes",215,"invader","jmax_25",17.2479573769149,17.1870753525714,0.135694034401089,0.0608820243434103,0.600093536793256,0.333333333333333
"long-drought","ld_3e-5","ld_n215","nodes",215,"invader","a",8.88504245743897,8.84186223032804,0.0718059931218568,0.0431802271109358,0.804294037033423,0.333333333333333
"long-drought","ld_3e-5","ld_n215","nodes",215,"invader","curv_fact_elec_trans",9.70657353753058,9.66501019708234,0.0777062281503751,0.041563340448235,0.715393904613212,0.333333333333333
"long-drought","ld_3e-5","ld_n215","nodes",215,"invader","curv_fact_colim",156.303859428819,155.930410744525,1.16185973887142,0.373448684293521,0.429900401638391,0.333333333333333
"long-drought","ld_3e-5","ld_n215","nodes",215,"invader","R_d_25",-3.4206175725976,-3.40979094415333,0.0248968244403105,0.0108266284442711,0.581620754614509,0.333333333333333
"long-drought","ld_3e-5","ld_n215","nodes",215,"invader","root_c",0.162700954815219,0.161406083052865,0.00223308377758971,0.0012948717623544,0.775554573752784,0.333333333333333
"long-drought","ld_3e-5","ld_n215","nodes",215,"invader","root_P50",0.797676978853125,0.79808892993512,0.0115197897655194,0.000411951081995765,0.04782904554171,0.333333333333333
"long-drought","ld_3e-5","ld_n215","nodes",215,"invader","rooting_depth_max",0.345518576106123,0.345886344512778,0.00640993799840723,0.000367768406654867,0.0767381295480053,0.333333333333333
"long-drought","ld_3e-5","ld_n215","nodes",215,"invader","D_c",10.4573407684999,10.449647907423,0.0854537218083385,0.00769286107689027,0.120405833112748,0.333333333333333
"long-drought","ld_3e-5","ld_n215","nodes",215,"invader","L_tip",-2.16829900765687,-2.1663754241558,0.0174299078823671,0.00192358350107336,0.147606870076276,0.333333333333333
"long-drought","ld_3e-5","ld_n215","nodes",215,"invader","recruitment_decay",-1.05598165490701,-1.04005485360577,0.0313080603292074,0.0159268013012448,0.680397986517025,0.333333333333333
"long-wet","wet_base","wet_n215","nodes",215,"resident","ln J",2.91246260608584,2.91574386399634,0.0252373006179605,0.00328125791050926,0.173895397100265,0.333333333333333
"long-wet","wet_base","wet_n215","nodes",215,"resident","lma",-7.98845467909785,-7.99177635179946,0.0865187830441221,0.00332167270160788,0.0513495988363994,0.333333333333333
"long-wet","wet_base","wet_n215","nodes",215,"resident","rho",-5.50334577050362,-5.50561649825151,0.067304081071671,0.00227072774789594,0.0451246958582295,0.333333333333333
"long-wet","wet_base","wet_n215","nodes",215,"resident","hmat",-8.00804778535496,-8.0040294289826,0.0823821739925302,0.0040183563723577,0.0652387785722884,0.333333333333333
"long-wet","wet_base","wet_n215","nodes",215,"resident","omega",-0.284179371696601,-0.283293903414541,0.00163621838907992,0.000885468282059987,0.723806301321549,0.333333333333333
"long-wet","wet_base","wet_n215","nodes",215,"resident","theta",-3.3552186936317,-3.35796668961979,0.052136021104462,0.00274799598809539,0.0704967069042632,0.333333333333333
"long-wet","wet_base","wet_n215","nodes",215,"resident","a_l1",1.17470368565298,1.16803174971174,0.0155928426200379,0.00667193594123305,0.572291363743549,0.333333333333333
"long-wet","wet_base","wet_n215","nodes",215,"resident","a_l2",1.42259530881559,1.42463663048003,0.0484017955046249,0.00204132166444104,0.0564079857682952,0.333333333333333
"long-wet","wet_base","wet_n215","nodes",215,"resident","a_r1",2.36634639512943,2.36658848934039,0.0282484728355013,0.00024209421095911,0.0114625185195145,0.333333333333333
"long-wet","wet_base","wet_n215","nodes",215,"resident","a_b1",-1.00908739257945,-1.0089998882487,0.0093530811969132,8.7504330745114e-05,0.0125131157741324,0.333333333333333
"long-wet","wet_base","wet_n215","nodes",215,"resident","r_s",-1.07979150018359,-1.07898501001163,0.00814448762245535,0.000806490171961771,0.132442061348603,0.333333333333333
"long-wet","wet_base","wet_n215","nodes",215,"resident","r_b",-0.36712911006242,-0.366854903403954,0.00276912579163486,0.000274206658466225,0.132442061348225,0.333333333333333
"long-wet","wet_base","wet_n215","nodes",215,"resident","r_r",-1.26645573330111,-1.26641140326818,0.0112957691468244,4.43300329238117e-05,0.00524895519437159,0.333333333333333
"long-wet","wet_base","wet_n215","nodes",215,"resident","r_l",-7.67986427110095,-7.67959545109643,0.0684982282477256,0.000268820004524883,0.00524895519388228,0.333333333333333
"long-wet","wet_base","wet_n215","nodes",215,"resident","a_y",5.76618518090122,5.77379490127626,0.0846037032400881,0.00760972037504359,0.120301196050634,0.333333333333333
"long-wet","wet_base","wet_n215","nodes",215,"resident","a_bio",5.76618518090128,5.77379490127624,0.0846037032400873,0.00760972037495922,0.120301196049301,0.333333333333333
"long-wet","wet_base","wet_n215","nodes",215,"resident","k_l",-0.312232151039893,-0.312221221908166,0.00278486030393652,1.09291317272331e-05,0.005248955194556,0.333333333333333
"long-wet","wet_base","wet_n215","nodes",215,"resident","k_b",-0.324412329945952,-0.324170028209257,0.00244692813878182,0.00024230173669515,0.132442061347853,0.333333333333333
"long-wet","wet_base","wet_n215","nodes",215,"resident","k_s",-1.90830782321148,-1.90688251887798,0.0143936949340114,0.00142530433350241,0.132442061347989,0.333333333333333
"long-wet","wet_base","wet_n215","nodes",215,"resident","k_r",-0.340303296556838,-0.340291384844537,0.00303523240231202,1.19117123010271e-05,0.00524895519319653,0.333333333333333
"long-wet","wet_base","wet_n215","nodes",215,"resident","a_f3",-0.749999999999997,-0.749999999999992,NA,4.32986979603811e-15,NA,0.333333333333333
"long-wet","wet_base","wet_n215","nodes",215,"resident","a_f1",0.562200840723514,0.562271825790114,0.00121037238280252,7.09850665997491e-05,0.0784401847998638,0.333333333333333
"long-wet","wet_base","wet_n215","nodes",215,"resident","a_f2",0.0138532212205419,0.0160680943785226,0.00378960082273098,0.00221487315798075,0.781710622932991,0.333333333333333
"long-wet","wet_base","wet_n215","nodes",215,"resident","S_D",0.999999999999999,1,NA,9.99200722162641e-16,NA,0.333333333333333
"long-wet","wet_base","wet_n215","nodes",215,"resident","a_d0",0.0069199303579549,0.00682860869489398,0.000214789565613506,9.13216630609196e-05,0.568658129214951,0.333333333333333
"long-wet","wet_base","wet_n215","nodes",215,"resident","d_I",-0.0268295641930051,-0.0268851286480703,0.000473163899993009,5.55644550652296e-05,0.157063791309759,0.333333333333333
"long-wet","wet_base","wet_n215","nodes",215,"resident","a_dG1",-0.711816439701326,-0.707485077528351,0.0365917805597071,0.00433136217297425,0.15831846716684,0.333333333333333
"long-wet","wet_base","wet_n215","nodes",215,"resident","a_dG2",1.16718752515404,1.16144389044129,0.0189878027926389,0.00574363471274797,0.404578424562043,0.333333333333333
"long-wet","wet_base","wet_n215","nodes",215,"resident","a_st1",0.361758313536075,0.359691840271991,0.0205905072541103,0.00206647326408399,0.134231166662567,0.333333333333333
"long-wet","wet_base","wet_n215","nodes",215,"resident","a_st2",0.140661433483131,0.138842802483317,0.00451817346276503,0.00181863099981394,0.538359410665053,0.333333333333333
"long-wet","wet_base","wet_n215","nodes",215,"resident","a_st3",-0.00227076286130667,-0.00137866150309303,5.5834829722968e-05,0.000892101358213636,21.3697589990978,0.333333333333333
"long-wet","wet_base","wet_n215","nodes",215,"resident","storage_relaxation_offset",0.0685104586521824,0.0692072024798776,0.0102229074454081,0.000696743827695162,0.0911568524489374,0.333333333333333
"long-wet","wet_base","wet_n215","nodes",215,"resident","k_I",1.87618000322381,1.88051568751212,0.0293274630210281,0.00433568428830555,0.197730550099373,0.333333333333333
"long-wet","wet_base","wet_n215","nodes",215,"resident","vcmax_25",5.61559577650539,5.6104493251352,0.0510500456143165,0.00514645137019265,0.134834912837812,0.333333333333333
"long-wet","wet_base","wet_n215","nodes",215,"resident","stem_P50",6.82786755555333,6.82860380085207,0.0670692512618307,0.000736245298742944,0.0146821513414096,0.333333333333333
"long-wet","wet_base","wet_n215","nodes",215,"resident","K_s",2.14812707687188,2.14764980863176,0.0198311391066108,0.000477268240118622,0.0321888524425742,0.333333333333333
"long-wet","wet_base","wet_n215","nodes",215,"resident","stem_c",1.22506245802108,1.22558478704093,0.0166223969748096,0.000522329019846612,0.04202823241328,0.333333333333333
"long-wet","wet_base","wet_n215","nodes",215,"resident","TF24_beta2",3.1369134495194,3.13764099491208,0.0326731025545285,0.000727545392682494,0.0297824443319683,0.333333333333333
"long-wet","wet_base","wet_n215","nodes",215,"resident","TF24_cost_scale",-2.49225211343849,-2.4902600787549,0.0196115012110622,0.00199203468359821,0.135855328347272,0.333333333333333
"long-wet","wet_base","wet_n215","nodes",215,"resident","TF24_floor_lambda_o",-2.00180886269788e-05,-2.00609471200058e-05,4.04248218662552e-07,4.28584930269866e-08,0.141801035228764,0.333333333333333
"long-wet","wet_base","wet_n215","nodes",215,"resident","jmax_25",4.63565930434343,4.64313110577352,0.0693568867216854,0.00747180143009185,0.144087514887309,0.333333333333333
"long-wet","wet_base","wet_n215","nodes",215,"resident","a",1.32893016730256,1.33544445609817,0.035416347525355,0.00651428879561067,0.246010621045291,0.333333333333333
"long-wet","wet_base","wet_n215","nodes",215,"resident","curv_fact_elec_trans",2.07792318651862,2.08410769959064,0.0390362431143479,0.00618451307201884,0.211898614723427,0.333333333333333
"long-wet","wet_base","wet_n215","nodes",215,"resident","curv_fact_colim",57.1449000070539,57.1617316590458,0.598065496775702,0.0168316519919145,0.0376416467656269,0.333333333333333
"long-wet","wet_base","wet_n215","nodes",215,"resident","R_d_25",-1.02423483227666,-1.02492718895684,0.0118378365536557,0.000692356680179529,0.0782254675035262,0.333333333333333
"long-wet","wet_base","wet_n215","nodes",215,"resident","root_c",0.160431590845334,0.160859866105229,0.00320317290520615,0.000428275259895083,0.17882705517523,0.333333333333333
"long-wet","wet_base","wet_n215","nodes",215,"resident","root_P50",-0.261785353953419,-0.262555029991966,0.0107532495844038,0.000769676038547107,0.0957323809260164,0.333333333333333
"long-wet","wet_base","wet_n215","nodes",215,"resident","rooting_depth_max",0.273473880049671,0.272688743807128,0.00538891110015255,0.000785136242542728,0.194865351786357,0.333333333333333
"long-wet","wet_base","wet_n215","nodes",215,"resident","D_c",4.44598542799313,4.44397228436415,0.041621318781194,0.00201314362898319,0.064691845995632,0.333333333333333
"long-wet","wet_base","wet_n215","nodes",215,"resident","L_tip",-0.840660592691623,-0.840453097162241,0.0077914604431711,0.000207495529382595,0.0356188992177404,0.333333333333333
"long-wet","wet_base","wet_n215","nodes",215,"resident","recruitment_decay",4.13090968417183,4.12076015600069,0.0678554143719225,0.0101495281711399,0.200056177402087,0.333333333333333
"long-wet","wet_base","wet_n215","nodes",215,"invader","ln J",2.91246260608584,2.91574386399634,0.0252373006179605,0.00328125791050926,0.173895397100265,0.333333333333333
"long-wet","wet_base","wet_n215","nodes",215,"invader","lma",-27.0763586380384,-26.9010500307507,0.197819614061448,0.175308607287665,1.18528969642937,0.333333333333333
"long-wet","wet_base","wet_n215","nodes",215,"invader","rho",-12.0396892664333,-11.976727763961,0.107345694889346,0.0629615024722749,0.784478546650999,0.333333333333333
"long-wet","wet_base","wet_n215","nodes",215,"invader","hmat",-7.27567987004306,-7.26492364204062,0.0817500420917349,0.0107562280024336,0.175979724864993,0.333333333333333
"long-wet","wet_base","wet_n215","nodes",215,"invader","omega",0.1154597986912,0.108405927407091,0.00423067333366896,0.00705387128410968,2.23001948270164,0.333333333333333
"long-wet","wet_base","wet_n215","nodes",215,"invader","theta",-6.66349133161451,-6.61048878875893,0.0853095809423807,0.0530025428555847,0.830977982757222,0.333333333333333
"long-wet","wet_base","wet_n215","nodes",215,"invader","a_l1",-2.01790014905347,-2.04164778179673,0.0131433109672616,0.0237476327432562,2.41660773068941,0.333333333333333
"long-wet","wet_base","wet_n215","nodes",215,"invader","a_l2",3.3791496259323,3.34254507005901,0.0671005775963974,0.0366045558732857,0.729624658657562,0.333333333333333
"long-wet","wet_base","wet_n215","nodes",215,"invader","a_r1",7.93694854387942,7.90747406838848,0.0604501754367512,0.0294744754909475,0.652137448005306,0.333333333333333
"long-wet","wet_base","wet_n215","nodes",215,"invader","a_b1",-2.23680280895695,-2.22746598979743,0.0174329522695687,0.00933681915952445,0.716339048918679,0.333333333333333
"long-wet","wet_base","wet_n215","nodes",215,"invader","r_s",-1.76864249420092,-1.76582342077854,0.01395155257935,0.00281907342237941,0.270255453776228,0.333333333333333
"long-wet","wet_base","wet_n215","nodes",215,"invader","r_b",-0.601338448028314,-0.600379963064708,0.00474352787697887,0.00095848496360551,0.270255453775251,0.333333333333333
"long-wet","wet_base","wet_n215","nodes",215,"invader","r_r",-3.66765032139443,-3.64896170875565,0.0265748956494436,0.0186886126387775,0.94058081105527,0.333333333333333
"long-wet","wet_base","wet_n215","nodes",215,"invader","r_l",-22.2408536844391,-22.1275248055002,0.161151776757663,0.113328878938901,0.940580811053713,0.333333333333333
"long-wet","wet_base","wet_n215","nodes",215,"invader","a_y",16.9734776655879,16.8419838544073,0.147725816745313,0.131493811180654,1.19052777806091,0.333333333333333
"long-wet","wet_base","wet_n215","nodes",215,"invader","a_bio",16.9734776655879,16.8419838544073,0.147725816745314,0.131493811180597,1.19052777806038,0.333333333333333
"long-wet","wet_base","wet_n215","nodes",215,"invader","k_l",-0.904222957818037,-0.899615464977406,0.00655177801647952,0.00460749284063078,0.940580811055865,0.333333333333333
"long-wet","wet_base","wet_n215","nodes",215,"invader","k_b",-0.531370576900805,-0.530523615078002,0.00419160150627316,0.000846961822803305,0.270255453776279,0.333333333333333
"long-wet","wet_base","wet_n215","nodes",215,"invader","k_s",-3.1257092758871,-3.12072714751767,0.0246564794486647,0.00498212836942669,0.270255453776044,0.333333333333333
"long-wet","wet_base","wet_n215","nodes",215,"invader","k_r",-0.985516873720475,-0.980495145505411,0.00714081381398727,0.00502172821506375,0.94058081105489,0.333333333333333
"long-wet","wet_base","wet_n215","nodes",215,"invader","a_f3",-0.749999999999997,-0.749999999999992,NA,4.32986979603811e-15,NA,0.333333333333333
"long-wet","wet_base","wet_n215","nodes",215,"invader","a_f1",0.517273965596827,0.517042425008045,0.00127291503835189,0.000231540588781498,0.243286682214925,0.333333333333333
"long-wet","wet_base","wet_n215","nodes",215,"invader","a_f2",0.0152861810547668,0.0175407661999782,0.0037105447466109,0.00225458514521149,0.812680029712247,0.333333333333333
"long-wet","wet_base","wet_n215","nodes",215,"invader","S_D",0.999999999999999,1,NA,9.99200722162641e-16,NA,0.333333333333333
"long-wet","wet_base","wet_n215","nodes",215,"invader","a_d0",-0.00530213187669387,-0.0052771222437961,4.06577172294892e-05,2.50096328977684e-05,0.822725476305742,0.333333333333333
"long-wet","wet_base","wet_n215","nodes",215,"invader","d_I",-0.169762860349972,-0.169756406350888,0.000496650144011525,6.45399908333344e-06,0.0173807676339806,0.333333333333333
"long-wet","wet_base","wet_n215","nodes",215,"invader","a_dG1",-5.03798212550071,-5.03330863303356,0.0373210585036517,0.00467349246714921,0.167485885641377,0.333333333333333
"long-wet","wet_base","wet_n215","nodes",215,"invader","a_dG2",3.961630951282,3.95987325082987,0.0500238045054518,0.00175770045213186,0.0469957695825261,0.333333333333333
"long-wet","wet_base","wet_n215","nodes",215,"invader","a_st1",1.58613463042243,1.58765592151326,0.0228273713223395,0.00152129109082955,0.0891347474627901,0.333333333333333
"long-wet","wet_base","wet_n215","nodes",215,"invader","a_st2",0.558107135236463,0.558933458779965,0.0114492275027067,0.000826323543501761,0.096530501279668,0.333333333333333
"long-wet","wet_base","wet_n215","nodes",215,"invader","a_st3",0.00401878820020216,0.00377351475773569,0.000120867284167558,0.000245273442466474,2.71414085605643,0.333333333333333
"long-wet","wet_base","wet_n215","nodes",215,"invader","storage_relaxation_offset",1.50262737865372,1.5021753725614,0.0163728971531554,0.00045200609232432,0.0369240537477505,0.333333333333333
"long-wet","wet_base","wet_n215","nodes",215,"invader","k_I",9.41315566243541,9.33591865119126,0.0718059931218581,0.0772370112441525,1.43865078389598,0.333333333333333
"long-wet","wet_base","wet_n215","nodes",215,"invader","vcmax_25",12.050138192272,12.005011723121,0.0898070914112696,0.0451264691510218,0.672065099376924,0.333333333333333
"long-wet","wet_base","wet_n215","nodes",215,"invader","stem_P50",25.4890630883024,25.4119507268488,0.216822964856134,0.0771123614535583,0.475673923580704,0.333333333333333
"long-wet","wet_base","wet_n215","nodes",215,"invader","K_s",5.37619793481878,5.36623897520214,0.0453144918293449,0.00995895961663873,0.293945947463489,0.333333333333333
"long-wet","wet_base","wet_n215","nodes",215,"invader","stem_c",-1.56741397640737,-1.58889178397581,0.0696020987051458,0.0214778075684319,0.412722581919906,0.333333333333333
"long-wet","wet_base","wet_n215","nodes",215,"invader","TF24_beta2",8.84590931032616,8.79895103207642,0.0669478234759473,0.0469582782497397,0.93813712432226,0.333333333333333
"long-wet","wet_base","wet_n215","nodes",215,"invader","TF24_cost_scale",-9.1153140190441,-9.0865349119173,0.0782814656176295,0.0287791071267982,0.49170993977389,0.333333333333333
"long-wet","wet_base","wet_n215","nodes",215,"invader","TF24_floor_lambda_o",-9.91907311956878e-05,-9.85799426150312e-05,7.24071295789851e-07,6.10788580656621e-07,1.12823663473283,0.333333333333333
"long-wet","wet_base","wet_n215","nodes",215,"invader","jmax_25",17.5122806750227,17.3936366366844,0.135694034401089,0.118644038338346,1.16943418609566,0.333333333333333
"long-wet","wet_base","wet_n215","nodes",215,"invader","a",9.41315566243532,9.33591865119124,0.0718059931218568,0.0772370112440868,1.43865078389478,0.333333333333333
"long-wet","wet_base","wet_n215","nodes",215,"invader","curv_fact_elec_trans",10.0764660907723,9.99991509282278,0.0777062281503751,0.076550997949516,1.3176062543228,0.333333333333333
"long-wet","wet_base","wet_n215","nodes",215,"invader","curv_fact_colim",153.774317809124,152.987082736717,1.16185973887142,0.787235072407043,0.906236085559793,0.333333333333333
"long-wet","wet_base","wet_n215","nodes",215,"invader","R_d_25",-3.43458302910791,-3.41394972962201,0.0248968244403105,0.0206332994859038,1.10844805277572,0.333333333333333
"long-wet","wet_base","wet_n215","nodes",215,"invader","root_c",0.159761328160577,0.158270086701434,0.00223308377758971,0.00149124145914376,0.89316885874925,0.333333333333333
"long-wet","wet_base","wet_n215","nodes",215,"invader","root_P50",0.660241521763419,0.660458059965382,0.0115197897655194,0.000216538201963323,0.0251408868088135,0.333333333333333
"long-wet","wet_base","wet_n215","nodes",215,"invader","rooting_depth_max",0.31929199225474,0.32037875250895,0.00640993799840723,0.00108676025421045,0.226762135262717,0.333333333333333
"long-wet","wet_base","wet_n215","nodes",215,"invader","D_c",9.91721089112591,9.90321483581886,0.0854537218083385,0.0139960553070431,0.21906111168432,0.333333333333333
"long-wet","wet_base","wet_n215","nodes",215,"invader","L_tip",-2.05629938718572,-2.05272090218189,0.0174299078823671,0.00357848500382563,0.274596330616712,0.333333333333333
"long-wet","wet_base","wet_n215","nodes",215,"invader","recruitment_decay",-0.969395695953896,-0.952788144222967,0.0313080603292074,0.0166075517309288,0.709479860078251,0.333333333333333
"long-wet","wet_base","wet_n54","nodes",54,"resident","ln J",2.91246260608584,2.9268591641809,0.0252373006179605,0.0143965580950662,0.190149206961549,0.333333333333333
"long-wet","wet_base","wet_n54","nodes",54,"resident","lma",-7.98845467909785,-7.96201147474406,0.0865187830441221,0.0264432043537939,0.101878472409506,0.333333333333333
"long-wet","wet_base","wet_n54","nodes",54,"resident","rho",-5.50334577050362,-5.47279132880185,0.067304081071671,0.0305544417017698,0.151325354100657,0.333333333333333
"long-wet","wet_base","wet_n54","nodes",54,"resident","hmat",-8.00804778535496,-7.95938498472658,0.0823821739925302,0.0486628006283842,0.196898585660844,0.333333333333333
"long-wet","wet_base","wet_n54","nodes",54,"resident","omega",-0.284179371696601,-0.271956057364528,0.00163621838907992,0.0122233143320733,2.4901554327245,0.333333333333333
"long-wet","wet_base","wet_n54","nodes",54,"resident","theta",-3.3552186936317,-3.32582788624231,0.052136021104462,0.0293908073893849,0.187911075469915,0.333333333333333
"long-wet","wet_base","wet_n54","nodes",54,"resident","a_l1",1.17470368565298,1.15673099515343,0.0155928426200379,0.0179726904995463,0.384208125430791,0.333333333333333
"long-wet","wet_base","wet_n54","nodes",54,"resident","a_l2",1.42259530881559,1.4035783245994,0.0484017955046249,0.0190169842161834,0.13096610719993,0.333333333333333
"long-wet","wet_base","wet_n54","nodes",54,"resident","a_r1",2.36634639512943,2.3507954318147,0.0282484728355013,0.0155509633147322,0.183502112430286,0.333333333333333
"long-wet","wet_base","wet_n54","nodes",54,"resident","a_b1",-1.00908739257945,-1.00588167977004,0.0093530811969132,0.00320571280940829,0.11424801238998,0.333333333333333
"long-wet","wet_base","wet_n54","nodes",54,"resident","r_s",-1.07979150018359,-1.07750727597835,0.00814448762245535,0.0022842242052421,0.0934875346012853,0.333333333333333
"long-wet","wet_base","wet_n54","nodes",54,"resident","r_b",-0.36712911006242,-0.366352473832633,0.00276912579163486,0.000776636229786964,0.0934875346018436,0.333333333333333
"long-wet","wet_base","wet_n54","nodes",54,"resident","r_r",-1.26645573330111,-1.26153305666459,0.0112957691468244,0.00492267663651713,0.145266089528192,0.333333333333333
"long-wet","wet_base","wet_n54","nodes",54,"resident","r_l",-7.67986427110095,-7.65001286182945,0.0684982282477256,0.029851409271501,0.145266089528343,0.333333333333333
"long-wet","wet_base","wet_n54","nodes",54,"resident","a_y",5.76618518090122,5.74207544003244,0.0846037032400881,0.024109740868778,0.0949908807985213,0.333333333333333
"long-wet","wet_base","wet_n54","nodes",54,"resident","a_bio",5.76618518090128,5.74207544003246,0.0846037032400873,0.0241097408688207,0.0949908807986902,0.333333333333333
"long-wet","wet_base","wet_n54","nodes",54,"resident","k_l",-0.312232151039893,-0.311018513741188,0.00278486030393652,0.00121363729870511,0.145266089528151,0.333333333333333
"long-wet","wet_base","wet_n54","nodes",54,"resident","k_b",-0.324412329945952,-0.323726058108828,0.00244692813878182,0.000686271837123609,0.0934875346012767,0.333333333333333
"long-wet","wet_base","wet_n54","nodes",54,"resident","k_s",-1.90830782321148,-1.90427093005193,0.0143936949340114,0.00403689315955091,0.0934875346012785,0.333333333333333
"long-wet","wet_base","wet_n54","nodes",54,"resident","k_r",-0.340303296556838,-0.33898054753116,0.00303523240231202,0.00132274902567803,0.145266089528043,0.333333333333333
"long-wet","wet_base","wet_n54","nodes",54,"resident","a_f3",-0.749999999999997,-0.749999999999999,NA,2.33146835171283e-15,NA,0.333333333333333
"long-wet","wet_base","wet_n54","nodes",54,"resident","a_f1",0.562200840723514,0.561600762196774,0.00121037238280252,0.000600078526740266,0.165260029410903,0.333333333333333
"long-wet","wet_base","wet_n54","nodes",54,"resident","a_f2",0.0138532212205419,0.0176124725009141,0.00378960082273098,0.00375925128037217,0.330663787227336,0.333333333333333
"long-wet","wet_base","wet_n54","nodes",54,"resident","S_D",0.999999999999999,1,NA,9.99200722162641e-16,NA,0.333333333333333
"long-wet","wet_base","wet_n54","nodes",54,"resident","a_d0",0.0069199303579549,0.00712199822109053,0.000214789565613506,0.000202067863135621,0.313590439955269,0.333333333333333
"long-wet","wet_base","wet_n54","nodes",54,"resident","d_I",-0.0268295641930051,-0.0271697154695166,0.000473163899993009,0.000340151276511453,0.239628929507991,0.333333333333333
"long-wet","wet_base","wet_n54","nodes",54,"resident","a_dG1",-0.711816439701326,-0.727380824992245,0.0365917805597071,0.0155643852909195,0.141783984024527,0.333333333333333
"long-wet","wet_base","wet_n54","nodes",54,"resident","a_dG2",1.16718752515404,1.16357334056592,0.0189878027926389,0.00361418458811413,0.0634474777937491,0.333333333333333
"long-wet","wet_base","wet_n54","nodes",54,"resident","a_st1",0.361758313536075,0.372534132460671,0.0205905072541103,0.0107758189245956,0.174446389163862,0.333333333333333
"long-wet","wet_base","wet_n54","nodes",54,"resident","a_st2",0.140661433483131,0.140438649691132,0.00451817346276503,0.000222783791999109,0.0164361250429409,0.333333333333333
"long-wet","wet_base","wet_n54","nodes",54,"resident","a_st3",-0.00227076286130667,-0.00434396212261901,5.5834829722968e-05,0.00207319926131235,12.3769773072877,0.333333333333333
"long-wet","wet_base","wet_n54","nodes",54,"resident","storage_relaxation_offset",0.0685104586521824,0.0709184524353871,0.0102229074454081,0.00240799378320462,0.0785162732508236,0.333333333333333
"long-wet","wet_base","wet_n54","nodes",54,"resident","k_I",1.87618000322381,1.86453421320752,0.0293274630210281,0.0116457900162923,0.132365012365624,0.333333333333333
"long-wet","wet_base","wet_n54","nodes",54,"resident","vcmax_25",5.61559577650539,5.60199312074108,0.0510500456143165,0.013602655764311,0.0888190898468478,0.333333333333333
"long-wet","wet_base","wet_n54","nodes",54,"resident","stem_P50",6.82786755555333,6.82494712844325,0.0670692512618307,0.00292042711007934,0.014514485923802,0.333333333333333
"long-wet","wet_base","wet_n54","nodes",54,"resident","K_s",2.14812707687188,2.14696344255956,0.0198311391066108,0.00116363431232136,0.0195590430797704,0.333333333333333
"long-wet","wet_base","wet_n54","nodes",54,"resident","stem_c",1.22506245802108,1.20689519587084,0.0166223969748096,0.0181672621502436,0.36431292425866,0.333333333333333
"long-wet","wet_base","wet_n54","nodes",54,"resident","TF24_beta2",3.1369134495194,3.12435489859852,0.0326731025545285,0.0125585509208794,0.128123236331988,0.333333333333333
"long-wet","wet_base","wet_n54","nodes",54,"resident","TF24_cost_scale",-2.49225211343849,-2.48189778687835,0.0196115012110622,0.0103543265601416,0.175990718383507,0.333333333333333
"long-wet","wet_base","wet_n54","nodes",54,"resident","TF24_floor_lambda_o",-2.00180886269788e-05,-1.98989195699577e-05,4.04248218662552e-07,1.19169057021105e-07,0.0982639308552995,0.333333333333333
"long-wet","wet_base","wet_n54","nodes",54,"resident","jmax_25",4.63565930434343,4.61119694289509,0.0693568867216854,0.024462361448343,0.117567567810559,0.333333333333333
"long-wet","wet_base","wet_n54","nodes",54,"resident","a",1.32893016730256,1.31720048894515,0.035416347525355,0.0117296783574135,0.110397967577129,0.333333333333333
"long-wet","wet_base","wet_n54","nodes",54,"resident","curv_fact_elec_trans",2.07792318651862,2.06352105462215,0.0390362431143479,0.0144021318964733,0.122980856997308,0.333333333333333
"long-wet","wet_base","wet_n54","nodes",54,"resident","curv_fact_colim",57.1449000070539,56.9312613570884,0.598065496775702,0.213638649965503,0.119072047636518,0.333333333333333
"long-wet","wet_base","wet_n54","nodes",54,"resident","R_d_25",-1.02423483227666,-1.01986410956389,0.0118378365536557,0.00437072271276695,0.123072114091016,0.333333333333333
"long-wet","wet_base","wet_n54","nodes",54,"resident","root_c",0.160431590845334,0.169478973603612,0.00320317290520615,0.0090473827582781,0.941502173628456,0.333333333333333
"long-wet","wet_base","wet_n54","nodes",54,"resident","root_P50",-0.261785353953419,-0.282794088610739,0.0107532495844038,0.0210087346573196,0.651236772426139,0.333333333333333
"long-wet","wet_base","wet_n54","nodes",54,"resident","rooting_depth_max",0.273473880049671,0.273536738527826,0.00538891110015255,6.28584781551256e-05,0.0038881372622969,0.333333333333333
"long-wet","wet_base","wet_n54","nodes",54,"resident","D_c",4.44598542799313,4.44391423735674,0.041621318781194,0.00207119063639194,0.0165875781694178,0.333333333333333
"long-wet","wet_base","wet_n54","nodes",54,"resident","L_tip",-0.840660592691623,-0.840301938402007,0.0077914604431711,0.000358654289616456,0.0153439051310251,0.333333333333333
"long-wet","wet_base","wet_n54","nodes",54,"resident","recruitment_decay",4.13090968417183,4.0783979567671,0.0678554143719225,0.0525117274047231,0.257958915982253,0.333333333333333
"long-wet","wet_base","wet_n54","nodes",54,"invader","ln J",2.91246260608584,2.9268591641809,0.0252373006179605,0.0143965580950662,0.190149206961549,0.333333333333333
"long-wet","wet_base","wet_n54","nodes",54,"invader","lma",-27.0763586380384,-28.5443123988996,0.197819614061448,1.4679537608613,2.473556136527,0.333333333333333
"long-wet","wet_base","wet_n54","nodes",54,"invader","rho",-12.0396892664333,-12.6527212819152,0.107345694889346,0.613032015481906,1.90360689705607,0.333333333333333
"long-wet","wet_base","wet_n54","nodes",54,"invader","hmat",-7.27567987004306,-7.23720960871535,0.0817500420917349,0.0384702613277046,0.156861331376179,0.333333333333333
"long-wet","wet_base","wet_n54","nodes",54,"invader","omega",0.1154597986912,0.167735832933643,0.00423067333366896,0.0522760342424421,4.11881120879852,0.333333333333333
"long-wet","wet_base","wet_n54","nodes",54,"invader","theta",-6.66349133161451,-7.17383843260728,0.0853095809423807,0.510347100992762,1.99409841722021,0.333333333333333
"long-wet","wet_base","wet_n54","nodes",54,"invader","a_l1",-2.01790014905347,-1.83219857337926,0.0131433109672616,0.185701575674212,4.70965994633498,0.333333333333333
"long-wet","wet_base","wet_n54","nodes",54,"invader","a_l2",3.3791496259323,3.75886388151059,0.0671005775963974,0.379714255578289,1.88629402398605,0.333333333333333
"long-wet","wet_base","wet_n54","nodes",54,"invader","a_r1",7.93694854387942,8.23237312108657,0.0604501754367512,0.29542457720715,1.62902519897703,0.333333333333333
"long-wet","wet_base","wet_n54","nodes",54,"invader","a_b1",-2.23680280895695,-2.32493985000319,0.0174329522695687,0.0881370410462385,1.68525750703535,0.333333333333333
"long-wet","wet_base","wet_n54","nodes",54,"invader","r_s",-1.76864249420092,-1.7944483248117,0.01395155257935,0.0258058306107756,0.616558156377314,0.333333333333333
"long-wet","wet_base","wet_n54","nodes",54,"invader","r_b",-0.601338448028314,-0.61011243043598,0.00474352787697887,0.00877398240766647,0.616558156377526,0.333333333333333
"long-wet","wet_base","wet_n54","nodes",54,"invader","r_r",-3.66765032139443,-3.82630200293946,0.0265748956494436,0.158651681545031,1.98999441224337,0.333333333333333
"long-wet","wet_base","wet_n54","nodes",54,"invader","r_l",-22.2408536844391,-23.2029270902516,0.161151776757663,0.962073405812536,1.9899944122434,0.333333333333333
"long-wet","wet_base","wet_n54","nodes",54,"invader","a_y",16.9734776655879,18.1458021446185,0.147725816745313,1.17232447903052,2.6452710497937,0.333333333333333
"long-wet","wet_base","wet_n54","nodes",54,"invader","a_bio",16.9734776655879,18.1458021446184,0.147725816745314,1.17232447903051,2.64527104979367,0.333333333333333
"long-wet","wet_base","wet_n54","nodes",54,"invader","k_l",-0.904222957818037,-0.943336962747197,0.00655177801647952,0.0391140049291605,1.98999441224342,0.333333333333333
"long-wet","wet_base","wet_n54","nodes",54,"invader","k_b",-0.531370576900805,-0.539123675191735,0.00419160150627316,0.00775309829093052,0.616558156377478,0.333333333333333
"long-wet","wet_base","wet_n54","nodes",54,"invader","k_s",-3.1257092758871,-3.17131573642196,0.0246564794486647,0.0456064605348647,0.616558156377222,0.333333333333333
"long-wet","wet_base","wet_n54","nodes",54,"invader","k_r",-0.985516873720475,-1.02814741248659,0.00714081381398727,0.0426305387661158,1.98999441224342,0.333333333333333
"long-wet","wet_base","wet_n54","nodes",54,"invader","a_f3",-0.749999999999997,-0.749999999999999,NA,2.33146835171283e-15,NA,0.333333333333333
"long-wet","wet_base","wet_n54","nodes",54,"invader","a_f1",0.517273965596827,0.516945494684919,0.00127291503835189,0.00032847091190813,0.086015406111581,0.333333333333333
"long-wet","wet_base","wet_n54","nodes",54,"invader","a_f2",0.0152861810547668,0.0188916118378373,0.0037105447466109,0.00360543078307052,0.323890518264523,0.333333333333333
"long-wet","wet_base","wet_n54","nodes",54,"invader","S_D",0.999999999999999,1,NA,9.99200722162641e-16,NA,0.333333333333333
"long-wet","wet_base","wet_n54","nodes",54,"invader","a_d0",-0.00530213187669387,-0.00538305769651526,4.06577172294892e-05,8.09258198213886e-05,0.663472401107432,0.333333333333333
"long-wet","wet_base","wet_n54","nodes",54,"invader","d_I",-0.169762860349972,-0.169581054342338,0.000496650144011525,0.00018180600763365,0.122021514088484,0.333333333333333
"long-wet","wet_base","wet_n54","nodes",54,"invader","a_dG1",-5.03798212550071,-5.03445182928713,0.0373210585036517,0.00353029621358125,0.0315308689439219,0.333333333333333
"long-wet","wet_base","wet_n54","nodes",54,"invader","a_dG2",3.961630951282,3.94024841437981,0.0500238045054518,0.0213825369021889,0.142482411547743,0.333333333333333
"long-wet","wet_base","wet_n54","nodes",54,"invader","a_st1",1.58613463042243,1.55388700800094,0.0228273713223395,0.0322476224214878,0.470891164910863,0.333333333333333
"long-wet","wet_base","wet_n54","nodes",54,"invader","a_st2",0.558107135236463,0.541044626900218,0.0114492275027067,0.0170625083362451,0.496758648337086,0.333333333333333
"long-wet","wet_base","wet_n54","nodes",54,"invader","a_st3",0.00401878820020216,0.00496549946690468,0.000120867284167558,0.00094671126670252,2.61088370114033,0.333333333333333
"long-wet","wet_base","wet_n54","nodes",54,"invader","storage_relaxation_offset",1.50262737865372,1.49365849968191,0.0163728971531554,0.00896887897181542,0.182596048577897,0.333333333333333
"long-wet","wet_base","wet_n54","nodes",54,"invader","k_I",9.41315566243541,9.96840383662052,0.0718059931218581,0.555248174185115,2.57753868001349,0.333333333333333
"long-wet","wet_base","wet_n54","nodes",54,"invader","vcmax_25",12.050138192272,12.5579464843968,0.0898070914112696,0.507808292124764,1.88481141130703,0.333333333333333
"long-wet","wet_base","wet_n54","nodes",54,"invader","stem_P50",25.4890630883024,26.190303232646,0.216822964856134,0.701240144343611,1.07805330923456,0.333333333333333
"long-wet","wet_base","wet_n54","nodes",54,"invader","K_s",5.37619793481878,5.47888284930796,0.0453144918293449,0.102684914489182,0.75535007561448,0.333333333333333
"long-wet","wet_base","wet_n54","nodes",54,"invader","stem_c",-1.56741397640737,-1.38764388826601,0.0696020987051458,0.179770088141366,0.860941894405239,0.333333333333333
"long-wet","wet_base","wet_n54","nodes",54,"invader","TF24_beta2",8.84590931032616,9.25315247726566,0.0669478234759473,0.407243166939493,2.02766445965096,0.333333333333333
"long-wet","wet_base","wet_n54","nodes",54,"invader","TF24_cost_scale",-9.1153140190441,-9.3740542008053,0.0782814656176295,0.258740181761194,1.10175156498741,0.333333333333333
"long-wet","wet_base","wet_n54","nodes",54,"invader","TF24_floor_lambda_o",-9.91907311956878e-05,-0.000104463136908164,7.24071295789851e-07,5.27240571247582e-06,2.42720375886209,0.333333333333333
"long-wet","wet_base","wet_n54","nodes",54,"invader","jmax_25",17.5122806750227,18.5073280814106,0.135694034401089,0.99504740638783,2.44434083089862,0.333333333333333
"long-wet","wet_base","wet_n54","nodes",54,"invader","a",9.41315566243532,9.96840383662054,0.0718059931218568,0.555248174185222,2.57753868001403,0.333333333333333
"long-wet","wet_base","wet_n54","nodes",54,"invader","curv_fact_elec_trans",10.0764660907723,10.6549644742183,0.0777062281503751,0.578498383446028,2.48156163375791,0.333333333333333
"long-wet","wet_base","wet_n54","nodes",54,"invader","curv_fact_colim",153.774317809124,161.340805802284,1.16185973887142,7.56648799315977,2.17079788549736,0.333333333333333
"long-wet","wet_base","wet_n54","nodes",54,"invader","R_d_25",-3.43458302910791,-3.60781423057244,0.0248968244403105,0.173231201464524,2.31932124355647,0.333333333333333
"long-wet","wet_base","wet_n54","nodes",54,"invader","root_c",0.159761328160577,0.168673556457596,0.00223308377758971,0.00891222829701829,1.33033198104159,0.333333333333333
"long-wet","wet_base","wet_n54","nodes",54,"invader","root_P50",0.660241521763419,0.673649104825628,0.0115197897655194,0.0134075830622091,0.387957978838011,0.333333333333333
"long-wet","wet_base","wet_n54","nodes",54,"invader","rooting_depth_max",0.31929199225474,0.306929051848768,0.00640993799840723,0.0123629404059712,0.642904835639244,0.333333333333333
"long-wet","wet_base","wet_n54","nodes",54,"invader","D_c",9.91721089112591,10.0648019992104,0.0854537218083385,0.147591108084475,0.575715545058421,0.333333333333333
"long-wet","wet_base","wet_n54","nodes",54,"invader","L_tip",-2.05629938718572,-2.09359071944842,0.0174299078823671,0.0372913322626993,0.713167514794593,0.333333333333333
"long-wet","wet_base","wet_n54","nodes",54,"invader","recruitment_decay",-0.969395695953896,-0.991017665314244,0.0313080603292074,0.0216219693603478,0.230206631913002,0.333333333333333
"long-wet","wet_base","wet_tol","tolerance",108,"resident","ln J",2.91246260608584,2.91248677511571,0.0252373006179605,2.41690298792285e-05,0.000957670958756512,0.166666666666667
"long-wet","wet_base","wet_tol","tolerance",108,"resident","lma",-7.98845467909785,-7.98507881887918,0.0865187830441221,0.00337586021866976,0.0390188130240825,0.166666666666667
"long-wet","wet_base","wet_tol","tolerance",108,"resident","rho",-5.50334577050362,-5.50387979430761,0.067304081071671,0.000534023803997918,0.00793449365171846,0.166666666666667
"long-wet","wet_base","wet_tol","tolerance",108,"resident","hmat",-8.00804778535496,-8.00797283840153,0.0823821739925302,7.494695343091e-05,0.000909747215917191,0.166666666666667
"long-wet","wet_base","wet_tol","tolerance",108,"resident","omega",-0.284179371696601,-0.284084471558569,0.00163621838907992,9.49001380324277e-05,0.057999676978201,0.166666666666667
"long-wet","wet_base","wet_tol","tolerance",108,"resident","theta",-3.3552186936317,-3.35716675318958,0.052136021104462,0.0019480595578889,0.0373649449386574,0.166666666666667
"long-wet","wet_base","wet_tol","tolerance",108,"resident","a_l1",1.17470368565298,1.17495406632774,0.0155928426200379,0.000250380674763573,0.0160574104969043,0.166666666666667
"long-wet","wet_base","wet_tol","tolerance",108,"resident","a_l2",1.42259530881559,1.42488976602135,0.0484017955046249,0.00229445720576393,0.0474043820449738,0.166666666666667
"long-wet","wet_base","wet_tol","tolerance",108,"resident","a_r1",2.36634639512943,2.3642793157861,0.0282484728355013,0.00206707934333705,0.0731749059630313,0.166666666666667
"long-wet","wet_base","wet_tol","tolerance",108,"resident","a_b1",-1.00908739257945,-1.00884259276298,0.0093530811969132,0.000244799816472074,0.0261731734514254,0.166666666666667
"long-wet","wet_base","wet_tol","tolerance",108,"resident","r_s",-1.07979150018359,-1.07943128437708,0.00814448762245535,0.000360215806510134,0.0442281728708107,0.166666666666667
"long-wet","wet_base","wet_tol","tolerance",108,"resident","r_b",-0.36712911006242,-0.367006636688212,0.00276912579163486,0.000122473374208287,0.0442281728689474,0.166666666666667
"long-wet","wet_base","wet_tol","tolerance",108,"resident","r_r",-1.26645573330111,-1.26580466166461,0.0112957691468244,0.000651071636493361,0.0576385395302097,0.166666666666667
"long-wet","wet_base","wet_tol","tolerance",108,"resident","r_l",-7.67986427110095,-7.67591613326435,0.0684982282477256,0.0039481378366002,0.057638539530127,0.166666666666667
"long-wet","wet_base","wet_tol","tolerance",108,"resident","a_y",5.76618518090122,5.76766274051163,0.0846037032400881,0.00147755961040996,0.0174644791400791,0.166666666666667
"long-wet","wet_base","wet_tol","tolerance",108,"resident","a_bio",5.76618518090128,5.76766274051159,0.0846037032400873,0.00147755961031315,0.017464479138935,0.166666666666667
"long-wet","wet_base","wet_tol","tolerance",108,"resident","k_l",-0.312232151039893,-0.312071635759179,0.00278486030393652,0.000160515280714202,0.0576385395300822,0.166666666666667
"long-wet","wet_base","wet_tol","tolerance",108,"resident","k_b",-0.324412329945952,-0.324304106785227,0.00244692813878182,0.000108223160724619,0.0442281728708619,0.166666666666667
"long-wet","wet_base","wet_tol","tolerance",108,"resident","k_s",-1.90830782321148,-1.90767121638371,0.0143936949340114,0.000636606827778108,0.0442281728699033,0.166666666666667
"long-wet","wet_base","wet_tol","tolerance",108,"resident","k_r",-0.340303296556838,-0.340128350194037,0.00303523240231202,0.000174946362801687,0.0576385395294361,0.166666666666667
"long-wet","wet_base","wet_tol","tolerance",108,"resident","a_f3",-0.749999999999997,-0.749999999999997,NA,8.88178419700125e-16,NA,0.166666666666667
"long-wet","wet_base","wet_tol","tolerance",108,"resident","a_f1",0.562200840723514,0.562214892554132,0.00121037238280252,1.40518306179782e-05,0.0116095102776902,0.166666666666667
"long-wet","wet_base","wet_tol","tolerance",108,"resident","a_f2",0.0138532212205419,0.0138726620699305,0.00378960082273098,1.9440849388562e-05,0.00513005202868621,0.166666666666667
"long-wet","wet_base","wet_tol","tolerance",108,"resident","S_D",0.999999999999999,0.999999999999999,NA,0,NA,0.166666666666667
"long-wet","wet_base","wet_tol","tolerance",108,"resident","a_d0",0.0069199303579549,0.00691918504577687,0.000214789565613506,7.45312178036805e-07,0.00346996454836138,0.166666666666667
"long-wet","wet_base","wet_tol","tolerance",108,"resident","d_I",-0.0268295641930051,-0.0267522789850453,0.000473163899993009,7.72852079598263e-05,0.163337076139934,0.166666666666667
"long-wet","wet_base","wet_tol","tolerance",108,"resident","a_dG1",-0.711816439701326,-0.703295526839021,0.0365917805597071,0.00852091286230483,0.23286412226924,0.166666666666667
"long-wet","wet_base","wet_tol","tolerance",108,"resident","a_dG2",1.16718752515404,1.16462306595746,0.0189878027926389,0.002564459196575,0.135058238416568,0.166666666666667
"long-wet","wet_base","wet_tol","tolerance",108,"resident","a_st1",0.361758313536075,0.359899706801657,0.0205905072541103,0.00185860673441779,0.0902652232643162,0.166666666666667
"long-wet","wet_base","wet_tol","tolerance",108,"resident","a_st2",0.140661433483131,0.140131573070328,0.00451817346276503,0.000529860412803146,0.117273145258766,0.166666666666667
"long-wet","wet_base","wet_tol","tolerance",108,"resident","a_st3",-0.00227076286130667,-0.00226957961337847,5.5834829722968e-05,1.18324792819629e-06,0.0211919322413471,0.166666666666667
"long-wet","wet_base","wet_tol","tolerance",108,"resident","storage_relaxation_offset",0.0685104586521824,0.066921377652488,0.0102229074454081,0.00158908099969446,0.155443156282143,0.166666666666667
"long-wet","wet_base","wet_tol","tolerance",108,"resident","k_I",1.87618000322381,1.87548232586004,0.0293274630210281,0.000697677363770577,0.0237892163829628,0.166666666666667
"long-wet","wet_base","wet_tol","tolerance",108,"resident","vcmax_25",5.61559577650539,5.61547217082041,0.0510500456143165,0.000123605684976269,0.00242126492716796,0.166666666666667
"long-wet","wet_base","wet_tol","tolerance",108,"resident","stem_P50",6.82786755555333,6.82361308979101,0.0670692512618307,0.00425446576231181,0.0634339236277271,0.166666666666667
"long-wet","wet_base","wet_tol","tolerance",108,"resident","K_s",2.14812707687188,2.14671304111803,0.0198311391066108,0.00141403575384835,0.07130380893637,0.166666666666667
"long-wet","wet_base","wet_tol","tolerance",108,"resident","stem_c",1.22506245802108,1.22556423949024,0.0166223969748096,0.000501781469161244,0.0301870704881894,0.166666666666667
"long-wet","wet_base","wet_tol","tolerance",108,"resident","TF24_beta2",3.1369134495194,3.13586069556211,0.0326731025545285,0.0010527539572962,0.0322208139107467,0.166666666666667
"long-wet","wet_base","wet_tol","tolerance",108,"resident","TF24_cost_scale",-2.49225211343849,-2.48933807788532,0.0196115012110622,0.00291403555316849,0.148588092354948,0.166666666666667
"long-wet","wet_base","wet_tol","tolerance",108,"resident","TF24_floor_lambda_o",-2.00180886269788e-05,-2.00012845964517e-05,4.04248218662552e-07,1.68040305270849e-08,0.0415685951138652,0.166666666666667
"long-wet","wet_base","wet_tol","tolerance",108,"resident","jmax_25",4.63565930434343,4.63357153219254,0.0693568867216854,0.00208777215089029,0.0301018723528938,0.166666666666667
"long-wet","wet_base","wet_tol","tolerance",108,"resident","a",1.32893016730256,1.32616553581438,0.035416347525355,0.00276463148818373,0.0780608866062346,0.166666666666667
"long-wet","wet_base","wet_tol","tolerance",108,"resident","curv_fact_elec_trans",2.07792318651862,2.07601795871637,0.0390362431143479,0.00190522780225066,0.0488066384019007,0.166666666666667
"long-wet","wet_base","wet_tol","tolerance",108,"resident","curv_fact_colim",57.1449000070539,57.134167227775,0.598065496775702,0.0107327792788894,0.0179458258949096,0.166666666666667
"long-wet","wet_base","wet_tol","tolerance",108,"resident","R_d_25",-1.02423483227666,-1.02367631003781,0.0118378365536557,0.000558522238848891,0.0471811074867739,0.166666666666667
"long-wet","wet_base","wet_tol","tolerance",108,"resident","root_c",0.160431590845334,0.160242317754743,0.00320317290520615,0.000189273090590275,0.0590892518735556,0.166666666666667
"long-wet","wet_base","wet_tol","tolerance",108,"resident","root_P50",-0.261785353953419,-0.261491200208293,0.0107532495844038,0.000294153745126147,0.0273548700620488,0.166666666666667
"long-wet","wet_base","wet_tol","tolerance",108,"resident","rooting_depth_max",0.273473880049671,0.272911847208565,0.00538891110015255,0.00056203284110562,0.104294324152,0.166666666666667
"long-wet","wet_base","wet_tol","tolerance",108,"resident","D_c",4.44598542799313,4.44320104724207,0.041621318781194,0.00278438075105925,0.0668979463552541,0.166666666666667
"long-wet","wet_base","wet_tol","tolerance",108,"resident","L_tip",-0.840660592691623,-0.8401012432008,0.0077914604431711,0.000559349490823369,0.0717900700264244,0.166666666666667
"long-wet","wet_base","wet_tol","tolerance",108,"resident","recruitment_decay",4.13090968417183,4.13139769383975,0.0678554143719225,0.000488009667924949,0.00719190461722211,0.166666666666667
"long-wet","wet_base","wet_tol","tolerance",108,"invader","ln J",2.91246260608584,2.91248677511571,0.0252373006179605,2.41690298792285e-05,0.000957670958756512,0.166666666666667
"long-wet","wet_base","wet_tol","tolerance",108,"invader","lma",-27.0763586380384,-27.0773249675932,0.197819614061448,0.000966329554884737,0.00488490263955611,0.166666666666667
"long-wet","wet_base","wet_tol","tolerance",108,"invader","rho",-12.0396892664333,-12.0399512663259,0.107345694889346,0.000261999892630982,0.00244071169226727,0.166666666666667
"long-wet","wet_base","wet_tol","tolerance",108,"invader","hmat",-7.27567987004306,-7.27567760543114,0.0817500420917349,2.26461191576988e-06,2.77016605475098e-05,0.166666666666667
"long-wet","wet_base","wet_tol","tolerance",108,"invader","omega",0.1154597986912,0.115465329704874,0.00423067333366896,5.53101367307962e-06,0.00130736013793884,0.166666666666667
"long-wet","wet_base","wet_tol","tolerance",108,"invader","theta",-6.66349133161451,-6.66360113984041,0.0853095809423807,0.000109808225901453,0.00128717342985918,0.166666666666667
"long-wet","wet_base","wet_tol","tolerance",108,"invader","a_l1",-2.01790014905347,-2.01788694079771,0.0131433109672616,1.32082557677826e-05,0.00100494128159052,0.166666666666667
"long-wet","wet_base","wet_tol","tolerance",108,"invader","a_l2",3.3791496259323,3.37939115400359,0.0671005775963974,0.000241528071287966,0.0035994931778491,0.166666666666667
"long-wet","wet_base","wet_tol","tolerance",108,"invader","a_r1",7.93694854387942,7.93726552405198,0.0604501754367512,0.000316980172555326,0.00524366009304606,0.166666666666667
"long-wet","wet_base","wet_tol","tolerance",108,"invader","a_b1",-2.23680280895695,-2.2368372195588,0.0174329522695687,3.44106018408397e-05,0.00197388263954049,0.166666666666667
"long-wet","wet_base","wet_tol","tolerance",108,"invader","r_s",-1.76864249420092,-1.76863582886729,0.01395155257935,6.66533363147259e-06,0.000477748522507674,0.166666666666667
"long-wet","wet_base","wet_tol","tolerance",108,"invader","r_b",-0.601338448028314,-0.601336181814877,0.00474352787697887,2.26621343668576e-06,0.000477748522926169,0.166666666666667
"long-wet","wet_base","wet_tol","tolerance",108,"invader","r_r",-3.66765032139443,-3.66779334722809,0.0265748956494436,0.000143025833656552,0.0053819904146847,0.166666666666667
"long-wet","wet_base","wet_tol","tolerance",108,"invader","r_l",-22.2408536844391,-22.2417210017568,0.161151776757663,0.000867317317688077,0.00538199041387134,0.166666666666667
"long-wet","wet_base","wet_tol","tolerance",108,"invader","a_y",16.9734776655879,16.9738949627479,0.147725816745313,0.000417297159906127,0.00282480861571792,0.166666666666667
"long-wet","wet_base","wet_tol","tolerance",108,"invader","a_bio",16.9734776655879,16.9738949627479,0.147725816745314,0.000417297160005603,0.00282480861639129,0.166666666666667
"long-wet","wet_base","wet_tol","tolerance",108,"invader","k_l",-0.904222957818037,-0.904258219424517,0.00655177801647952,3.52616064804856e-05,0.00538199041417352,0.166666666666667
"long-wet","wet_base","wet_tol","tolerance",108,"invader","k_b",-0.531370576900805,-0.531368574369377,0.00419160150627316,2.00253142768059e-06,0.000477748522774313,0.166666666666667
"long-wet","wet_base","wet_tol","tolerance",108,"invader","k_s",-3.1257092758871,-3.12569749629046,0.0246564794486647,1.17795966381173e-05,0.000477748522965037,0.166666666666667
"long-wet","wet_base","wet_tol","tolerance",108,"invader","k_r",-0.985516873720475,-0.985555305511968,0.00714081381398727,3.84317914929877e-05,0.00538199041371284,0.166666666666667
"long-wet","wet_base","wet_tol","tolerance",108,"invader","a_f3",-0.749999999999997,-0.749999999999997,NA,8.88178419700125e-16,NA,0.166666666666667
"long-wet","wet_base","wet_tol","tolerance",108,"invader","a_f1",0.517273965596827,0.517281620367119,0.00127291503835189,7.65477029185391e-06,0.00601357518861977,0.166666666666667
"long-wet","wet_base","wet_tol","tolerance",108,"invader","a_f2",0.0152861810547668,0.0152982979248028,0.0037105447466109,1.21168700360479e-05,0.00326552322192452,0.166666666666667
"long-wet","wet_base","wet_tol","tolerance",108,"invader","S_D",0.999999999999999,0.999999999999999,NA,0,NA,0.166666666666667
"long-wet","wet_base","wet_tol","tolerance",108,"invader","a_d0",-0.00530213187669387,-0.00530114984397663,4.06577172294892e-05,9.82032717231768e-07,0.0241536609566337,0.166666666666667
"long-wet","wet_base","wet_tol","tolerance",108,"invader","d_I",-0.169762860349972,-0.169763120462865,0.000496650144011525,2.60112893224473e-07,0.000523734657808611,0.166666666666667
"long-wet","wet_base","wet_tol","tolerance",108,"invader","a_dG1",-5.03798212550071,-5.03794131923184,0.0373210585036517,4.08062688652677e-05,0.00109338455288654,0.166666666666667
"long-wet","wet_base","wet_tol","tolerance",108,"invader","a_dG2",3.961630951282,3.96163834418012,0.0500238045054518,7.39289811502175e-06,0.000147787602084844,0.166666666666667
"long-wet","wet_base","wet_tol","tolerance",108,"invader","a_st1",1.58613463042243,1.58611612177031,0.0228273713223395,1.85086521196087e-05,0.000810809613522852,0.166666666666667
"long-wet","wet_base","wet_tol","tolerance",108,"invader","a_st2",0.558107135236463,0.558095160171943,0.0114492275027067,1.1975064520553e-05,0.00104592772898625,0.166666666666667
"long-wet","wet_base","wet_tol","tolerance",108,"invader","a_st3",0.00401878820020216,0.0040187757294492,0.000120867284167558,1.24707529624082e-08,0.000103177241453693,0.166666666666667
"long-wet","wet_base","wet_tol","tolerance",108,"invader","storage_relaxation_offset",1.50262737865372,1.50262834503455,0.0163728971531554,9.66380826028512e-07,5.90232026127563e-05,0.166666666666667
"long-wet","wet_base","wet_tol","tolerance",108,"invader","k_I",9.41315566243541,9.41366315105718,0.0718059931218581,0.000507488621767749,0.00706749673257101,0.166666666666667
"long-wet","wet_base","wet_tol","tolerance",108,"invader","vcmax_25",12.050138192272,12.0505249006057,0.0898070914112696,0.0003867083337461,0.00430598884419024,0.166666666666667
"long-wet","wet_base","wet_tol","tolerance",108,"invader","stem_P50",25.4890630883024,25.4903732646,0.216822964856134,0.00131017629757224,0.00604260853291794,0.166666666666667
"long-wet","wet_base","wet_tol","tolerance",108,"invader","K_s",5.37619793481878,5.37635012648554,0.0453144918293449,0.000152191666766832,0.00335856501138727,0.166666666666667
"long-wet","wet_base","wet_tol","tolerance",108,"invader","stem_c",-1.56741397640737,-1.56791363683699,0.0696020987051458,0.000499660429610804,0.00717881269252393,0.166666666666667
"long-wet","wet_base","wet_tol","tolerance",108,"invader","TF24_beta2",8.84590931032616,8.84615630049551,0.0669478234759473,0.000246990169349814,0.00368929349045308,0.166666666666667
"long-wet","wet_base","wet_tol","tolerance",108,"invader","TF24_cost_scale",-9.1153140190441,-9.11588179537406,0.0782814656176295,0.00056777632995697,0.00725301098385546,0.166666666666667
"long-wet","wet_base","wet_tol","tolerance",108,"invader","TF24_floor_lambda_o",-9.91907311956878e-05,-9.91943628433536e-05,7.24071295789851e-07,3.63164766575136e-09,0.005015594026262,0.166666666666667
"long-wet","wet_base","wet_tol","tolerance",108,"invader","jmax_25",17.5122806750227,17.5128496876296,0.135694034401089,0.000569012606842279,0.00419335020403603,0.166666666666667
"long-wet","wet_base","wet_tol","tolerance",108,"invader","a",9.41315566243532,9.41366315105717,0.0718059931218568,0.000507488621845908,0.00706749673365963,0.166666666666667
"long-wet","wet_base","wet_tol","tolerance",108,"invader","curv_fact_elec_trans",10.0764660907723,10.076871458808,0.0777062281503751,0.00040536803567548,0.00521667368658046,0.166666666666667
"long-wet","wet_base","wet_tol","tolerance",108,"invader","curv_fact_colim",153.774317809124,153.778707956792,1.16185973887142,0.00439014766774903,0.0037785521959935,0.166666666666667
"long-wet","wet_base","wet_tol","tolerance",108,"invader","R_d_25",-3.43458302910791,-3.43472452065578,0.0248968244403105,0.000141491547869244,0.00568311626281761,0.166666666666667
"long-wet","wet_base","wet_tol","tolerance",108,"invader","root_c",0.159761328160577,0.159789668306732,0.00223308377758971,2.83401461549371e-05,0.0126910357951398,0.166666666666667
"long-wet","wet_base","wet_tol","tolerance",108,"invader","root_P50",0.660241521763419,0.660334491090436,0.0115197897655194,9.29693270174115e-05,0.00807040136233074,0.166666666666667
"long-wet","wet_base","wet_tol","tolerance",108,"invader","rooting_depth_max",0.31929199225474,0.319314448894875,0.00640993799840723,2.24566401350601e-05,0.0035034098833156,0.166666666666667
"long-wet","wet_base","wet_tol","tolerance",108,"invader","D_c",9.91721089112591,9.91736163197679,0.0854537218083385,0.000150740850886066,0.00176400568279704,0.166666666666667
"long-wet","wet_base","wet_tol","tolerance",108,"invader","L_tip",-2.05629938718572,-2.0563549512877,0.0174299078823671,5.55641019821529e-05,0.00318785976134527,0.166666666666667
"long-wet","wet_base","wet_tol","tolerance",108,"invader","recruitment_decay",-0.969395695953896,-0.96937104545511,0.0313080603292074,2.46504987855278e-05,0.000787353113745322,0.166666666666667
